sent0,sent1,hard_neg
Benarkah pernyataan Calon Presiden Joko Widodo bahwa Indonesia kini berhasil menduduki tujuan wisata halal nomor satu di dunia?," ""Setelah sebelumnya berada di peringkat kedua, tahun ini Indonesia menduduki posisi pertama dalam GMTI 2019 bersama dengan Malaysia dengan skor 78,"" ujarnya, dalam report Mastercard-Crescent Rating Global Muslim Travel Index (GMTI) 2019, Selasa, 9 April 2019",Gempa Bumi Mengguncang Banten Ratusan Orang Tewas
"Jokowi : ""Indonesia adalah negara penduduk muslim terbesar""","  Jumlah muslim yang menghuni 23,4 persen dari populasi dunia, diprediksi akan menyentuh 60 persen memasuki 2070",Ternyata Biaya untuk Cuci Ginjal Kurang dari 10.000
BPJS Hentikan Meng-cover Biaya Pengobatan Kanker," Lewat juru bicara Nopie Hidayat, BPJS Kesehatan memberikan penjelasan terkait keputusannya untuk menghentikan penjaminan obat Traztuzumab","“Innalilahi, Ini Pesan Wasiat Irfan Hakim Kepada Istri Dan Anak-anaknya Sebelum Meningg4l Dunia.!!”"
"Pilkada Sleman, DWS: Hampir Setengah APBD buat Belanja Pegawai?"," Untuk belanja tidak langsung, belanja pegawai yang dianggarkan sebesar Rp1",Video Presiden Jokowi Terbitkan Perpres dan Perppu Bubarkan Ponpes Al Zaytun
"""Satelit Merah Putih Milik Telkom Indonesia Resmi Diluncurkan SpaceX""",  Satelit Merah Putih akan menempati slot orbit 108 derajat Bujur Timur (108 BT),Gadis Ular Gemparkan Thailand
"Lambangnya Dicatut Sekber Gerindra-PKS, PBB Beri Klarifikasi","Partai Bulan Bintang (PBB) memberikan klarifikasi atas terpampangnya logo partai tersebut dalam acara peresmian Sekretariat Bersama (Sekber) Partai Gerakan Indonesia Raya (Gerindra), Partai Keadilan Sejahtera (PKS), dan Partai Amanat Nasional (PAN)",Vaksin Covid-19 Penyebab Hepatitis Akut pada Anak-Anak
Kantor Staf Kepresidenan Mengklarifikasi Bahwa Tidak Ada Dokumen Penting Negara yang Hilang Pada Kasus Pencurian Terhadap Stafnya,"  Sebab, menurut Moeldoko, laptop yang raib dibawa pelaku tidak berisi dokumen rahasia negara",“Video pembuangan jenazah-jenazah korban Covid-19 di laut Meksiko”
BPJS Hentikan Meng-cover Biaya Pengobatan Kanker," ""Pengobatan dijamin BPJS kesehatan hingga siklus pengobatannya selesai sesuai peresepan maksimal Formularium Nasional,"" tambah Nopie",TKI di Hong Kong dan Arab Saudi Terima Sumbangan 275 Triliun dari BP2MI
Kantor Staf Kepresidenan Mengklarifikasi Bahwa Tidak Ada Dokumen Penting Negara yang Hilang Pada Kasus Pencurian Terhadap Stafnya," com, Kepala Kantor Staf Kepresidenan (KSP) Moeldoko, mengungkapkan bahwa perampokan yang dialami oleh stafnya tak turut menghilangkan dokumen penting negara",“MetroTV Akui Anies Adalah Presiden RI”
Amien Rais menyebut 74 persen tanah di Indonesia dikuasai segelintir orang.,  Riset lain yang menunjukkan ketimpangan penguasaan lahan di Indonesia diadakan oleh Oxfam dan International NGO Forum on Indonesia Development atau INFID,Ustaz Di Cianjur Dipersekusi dan Dibacok
Benarkah selama puluhan tahun banyak perusahaan besar meninggalkan limbah dan tidak membayar pajak?,"  Perusahaan itu sebelumnya terbukti membakar dan mengeringkan ladang gambut di Kuala Tripa dan membunuh satwa liar, antara lain orangutan, lewat kabut asap yang tercipta",Video Pesawat Rusia terbang di Ukraina
"Benarkah pernyataan Calon Presiden Joko Widodo bahwa Pemerintah Indonesia telah menguasai sumber daya alam strategis seperti Blok Mahakam, Blok Rokan dan Freeport?"," Terakhir untuk Freeport, CEO Freeport McMoRan Inc, Richard Adkerson mengatakan peralihan sebanyak 51,23 persen saham PT Freeport Indonesia kepada PT Indonesia Asahan Alumunium (Inalum) merupakan win-win solution yang bisa dicapai oleh perusahaannya dengan pemerintah Indonesia",Infografis 7 Kebiasaan yang Dapat Merusak Otak oleh WHO
PAC PDIP Tenggilis Mejoyo Surabaya tangkap pelaku politik uang di Kendangsari, Oleh Panwascam kasus ini langsung dilimpahkan be Bawaslu Surabaya,Foto “Sosoж ргеsiDей jokoщi mейбiйVдSi Bэrlin (Sosok Presiden Jokowi Menginvasi Berlin)”
Benarkah selama puluhan tahun banyak perusahaan besar meninggalkan limbah dan tidak membayar pajak?, KesimpulanPernyataan Prabowo bahwa masih banyak perusahaan besar yang tidak membayar pajak adalah benar,"Gambar Tangkapan Layar Artikel Fajar.co.id “8 Parpol Nyatakan Tolak system Pemilu Proporsional Tertutup Hasti Kristiyanto Bilang ; Jangan sekali kali intervensi MK Ketua MK itu Ipar Pak Jokowi, kalian bosa sengsara apapun kami bisa lakukan”"
Benarkah pernyataan Calon Presiden Joko Widodo bahwa Indonesia kini berhasil menduduki tujuan wisata halal nomor satu di dunia?," ""Negara OKI lainnya seperti Turki, Arab Saudi, Maroko, Oman, dan Brunei Darussalam tetap populer di kalangan wisatawan muslim",Foto Mantan Manajer yang Mualaf dan Berjualan Es Cincau
Klaim Prabowo Terkait Operasional Pelabuhan Indonesia Diberikan Pihak Asing,"  Namun demikian, kepemilikan aset pelabuhan dan bandara yang diserahkan ke swasta tetap di tangan pemerintah","“Gedung-Gedung pencakar langit menembus awan Dubai, UEA.”"
Dinkes Aceh Membantah Atas Isu Pelajar Lumpuh Setelah Vaksin MR," com, Kepala Dinas Kesehatan Aceh, dr Hanif, menegaskan bahwa tidak dapat bergeraknya kaki Helmi bukan disebabkan akibat dari imunisasi MR","""Gedung Kementrian Pun Akan Dijual"""
BPJS Hentikan Meng-cover Biaya Pengobatan Kanker,"  Itu sebabnya, BPJS pun mengeluarkan Trastuzumab dari daftar obat yang mendapat jaminan","“Ini sumbernya Din Syamsudin, Presiden Joko Widodo menolak menemui ulama dari Uzbekistan dan Xinjiang, Cina”"
Prabowo Sebut Pembangunan Era Jokowi Tak Efisien,"  Namun,Januari lalu sempat beredar kabar ada dua laporan Bank Dunia yang mengkritik pembangunan Jokowi karena prosesnya yang kurang baik karena masalah perencanaan",NU Cabang Nasrani Gelar Lomba Natal 2021
Ketum PEPES Bantah Emak-emak Ditangkap di Karawang Anggotanya,"Ketua Umum Partai Emak-emak Pendukung Prabowo Subianto-Sandiaga Uno (PEPES), Wulan membantah tiga perempuan yang ditangkap di Karawang, Jawa Barat adalah anggotanya",“Menhan: Wajib Militer Ampuh Menangkal Bangkitnya PKI”
"""Pare Tidak Serta-merta Bisa Menyembuhkan Kanker""",  Mengonsumsi air rebusan pare tentu tidak akan cukup untuk menyembuhkan kanker,Akun Twitter Tokopedia “@TokopediaCere”
Klarifikasi Ponpes Darul Muwahiddin Atas Penolakan Kedatangan Ma’aruf Amin,  Insya Allah Darul Muwahhidin tidak terkait dengan kegiatan politik praktis,Video Tempat Jatuhnya Pesawat Boeing 737-800 Milik China Eastern Airlines
Klarifikasi Kemenkes Terkait Tuduhan Penggunaan Foto Tanpa Izin Untuk Bungkus Rokok,"  Menanggapi hal tersebut, Kementerian Kesehatan (Kemenkes) sebagai pihak yang mengedarkan angkat bicara",Serangga yang Dapat Menyebabkan Tubuh Berlubang dan Sakit Luar Biasa Ketika Disentuh
Mahasiswa UnSri meninggal dunia setelah terjatuh dari lantai tiga apartemen Unsri, Seketika itu Mahasiswa Semester 1 Fakultas MIPA Unsri Jurusan Kelautan itu pun terjatuh hingga ke tanah,Krisdayanti Histeris Raul Lemos Menikah Lagi
"Rohani Sebut Pertumbuhan Ekonomi SBT Paling Rendah di Maluku, Akademisi Buka Data 2015-2019","  “Kalau sebelumnya itu pertumbuhannya (di SBT) tidak tinggi tetapi lebih cepat dari kabupaten lain yang berdiri (pemekaran) bersamaan kabupaten SBT, semisal Kabupaten Aru,” ujar Leasiwal",Facebook Tutup Akun Muhammadiyah
Klarifikasi Tokopedia Terkait Isu Kebocoran Data," Dengan beredarnya data penjual itu, kata Nuraini, Tokopedia untuk sementara waktu menonaktifkan informasi publik tersebut",“Gempa n Tsunami di Malang Barusan”
"Pilkada Sleman, DWS: Hampir Setengah APBD buat Belanja Pegawai?","Menurut dokumen yang terlampir dalam ringkasan APBD Sleman 2020, yang bisa diakses di situs web Badan Keuangan dan Aset Daerah (BKAD) Kabupaten Sleman, anggaran belanja daerah sebesar Rp2",WhatsApp Dikenai Biaya setelah Diakuisisi oleh Facebook
BPJS Hentikan Meng-cover Biaya Pengobatan Kanker," Lebih jauh, Direktur Jaminan Pelayanan Kesehatan BPJS Maya Amiarny Rusady mengatakan jaminan Trastuzumab sebenarnya masih diberikan, tetapi hanya untuk pasien anker stadium awal",Akun WhatsApp Wakil Bupati Bantul dengan Nomor “081213408053” Memberikan Donasi
Prabowo Sebut Pembangunan Era Jokowi Tak Efisien,"Pada panggung debat capres kedua, Prabowo mengkritik pembangunan yang dibangun di era Jokowi",Video “Penyiksaan oleh komunis terhadap muslim Uighur”
"Lambangnya Dicatut Sekber Gerindra-PKS, PBB Beri Klarifikasi"," co, Ketua Bidang Pemenangan PBB Sukmo Harsono membantah partainya terlibat dalam peresmian Sekber tersebut",”Seorang Pasien Dalam Pengawasan Covid-19 (PDP) Mengamuk di Pintu Rumah sakit Pamekasan Madura”
Benarkah selama puluhan tahun banyak perusahaan besar meninggalkan limbah dan tidak membayar pajak?,"  Padahal, ada potensi penerimaan pajak yang mencapai Rp 40 triliun",Tukul Arwana Meninggal Dunia
Video Viral Polisi Menendang Muka Ibu-Ibu, Kapolda Kepulauan Bangka Belitung Brigadir Jenderal (Pol) Syaiful Zachri langsung bersikap terhadap beredarnya video seorang oknum perwira polisi yang melakukan kekerasan terhadap seorang wanita terduga kasus pencurian,Link BBM Subsidi Pertamina
"Pilkada Sleman, Sri: Merapi Siaga, Warga Rentan Sudah Diungsikan?","  Kalau dari sisi lansia sebenarnya di atas ada 95 orang, tapi belum semua yang turun,"" ujar Suparmono kepada awak media di barak pengungsian Glagaharjo, Kamis (12/11), seperti diberitakan SuaraJogja",Mahasiswa UNY Positif Corona
Klaim Prabowo Terkait Operasional Pelabuhan Indonesia Diberikan Pihak Asing,Menteri Perhubungan Budi Karya Sumadi tak memungkiri keinginan pemerintah agar bandara dan pelabuhan dikelola oleh pihak asing,Istri Sah Labrak Wanita Simpanan Dirut Garuda
Penjelasan MUI terkait Pernyataan Tengku Zulkarnain yang Sebut MUI akan Ajukan Hukuman Potong Tangan Bagi Koruptor,  Ia juga mengimbau masyarakat tidak terpancing dengan beragam pernyataan terkait wacana potong tangan,Nama Bayi Unik “CRAZY KILLERS”
“Demokrat: Iklan Jokowi di Bioskop Mengganggu Hak Konsumen”,"  Menurutnya, beriklan di bioskop akan mengganggu hak masyarakat yang tidak suka dengan Jokowi",Garuda Indonesia Bagikan Hadiah Gratis dengan Mengisi Link Survei
Klaim Prabowo Terkait Operasional Pelabuhan Indonesia Diberikan Pihak Asing,"  Adapun 20 pelabuhan yang akan diserahkan diantaranya, Pelabuhan Probolinggo, Sintete, Bima, Waingapu, Tanjung Wangi, Badas, Kalabahi, Tenau Kupang, Ende, Lembar, Manokwari, Bitung, Ternate, Pantoloan, Parepare, Kendari, Biak, Fakfak, Sorong, dan Merauke",“minuman beralkohol bisa mengurangi risiko infeksi dari novel coronavirus; COVID-19”
Benarkah pernyataan Calon Presiden Joko Widodo bahwa Indonesia kini berhasil menduduki tujuan wisata halal nomor satu di dunia?, Pasar wisata halal merupakan salah satu sektor pariwisata dengan tingkat pertumbuhan tercepat di seluruh dunia,“INILAH LAMBANG PENGIKUT DAN PENGANUT PERJANJIAN DENGAN DAJJAL”
Klarifikasi Kemenag Terkait Kabar Pemecatan Dosen Hayati,  “Hayati Syafri diberhentikan sebagai ASN karena melanggar disiplin pegawai,Grup WhatsApp “To Firdaus We Ascend” atau “Ke Syurga Kita Pergi” Milik ISIS
Video Pemotor yang Melintas di JLNT Casablanca Tak Ditilang Polisi Karena Punya Black Card,"  Alhasil, polisi yang berjaga di ujung JLNT tak menilang pemotor tersebut",Video Presiden Jokowi Terbitkan Perpres dan Perppu Bubarkan Ponpes Al Zaytun
Jokowi Sebut 488 Kapal Ilegal Telah Ditenggelamkan,"Data Kementerian Kelautan dan Perikanan (KKP), jumlah kapal pelaku illegal fishing yang telah ditenggelamkan sejak Oktober 2014 adalah 488 kapal, dengan rincian Vietnam 276 kapal, Filipina 90 kapal, Thailand 50 kapal, Malaysia 41 kapal, Indonesia 26 kapal, Papua Nugini 2 kapal, Tiongkok 1 kapal, Belize 1 kapal dan tanpa negara 1 kapal",“Ambyaar Pemilik 201kg Sabu Dipetamburan Ternyata Anggota FPI”
“Indochina” di Foto Kontainer “Southern Hauliers”,Foto yang sama di 2016 lalu dipelintir menjadi “Negara Indonesia-China”,Gambar Presiden Jokowi “Kalian Siap saya pimpin Tiga Periode”
Penjelasan Mosaik Jalan di Depan Balaikota Surakarta Solo yang Disebut Mirip Salib,Foto dan video yang menampilkan mosaik Jalan Jenderal Sudirman depan Balai Kota Surakarta di media sosial,“Keluarkan nasi dari rice cooker jika sudah matang. Kalau lebih dari 12 jam menjadi pemicu diabetes”
"Jokowi : ""Indonesia adalah negara penduduk muslim terbesar""",  Sementara data statistik populasi Muslim telah tumbuh signifikan dibanding agama-agama lainnya di dunia,Lelang Online PT Pegadaian
Klarifikasi Tokopedia Terkait Isu Kebocoran Data,"  “Data yang ditampilkan di situs terkait adalah data penjual yang memang mempublikasikan email, nomor ponsel, dan alamat di laman tokonya untuk lebih mudah berkomunikasi dengan calon pembeli,” kata Nuraini",Video “Tentara tidak tahu adat. Arogan sekali menyerang sopir truk”
Mahasiswa UnSri meninggal dunia setelah terjatuh dari lantai tiga apartemen Unsri, Irfan yang merupakan siswa SMA Titian Teras angkatan 2016 tersebut terjatuh dari lantai tiga apartemen Unsri tersebut meninggal sekitar pukul 19,Video Kemunculan Burung Garuda di Jawa Timur
Pesawat Citilink QG 801 Rute Semarang-Surabaya Tidak Hilang,Informasi yang menyebutkan pesawat Citilink QG 801 rute Semarang-Surabaya hilang dari radar tidak benar,"Jokowi Marah, Ternyata Semua Anggota PDIP Yang Korupsi 349 Triliun"
FPI Tidak Menyebarkan Spanduk Habib Rizieq Dukung Khilafah,"  Selain itu, pada spanduk, gelar HRS disebutkan sebagai Ketua Umum FPI",“Saran Jack Ma semoga kita bisa melewati tahun 2020”
"Klarifikasi LIPI Terkait Isu Pemusnahan Buku, Tesis, dan Disertasi","Lembaga Ilmu Pengetahuan Indonesia (LIPI) melalui Pusat Dokumentasi dan Data Ilmiah (PDDI) memberikan klarifikasi terkait isu pemusnahan buku, tesis, dan disertasi",Pesan Panggilan Seleksi Karyawan PT Waskita Karya (Persero) Tbk
BPJS Hentikan Meng-cover Biaya Pengobatan Kanker," Sebab, Dewan Pertimbangan Klinis telah memutuskan bahwa Trastuzumab atau Herceptin pada pasien kanker stadium metastasis tidaklah efektif",MPR dan DPR Resmi Deklarasikan Anies – AHY Gantikan Jokowi
Video Viral Polisi Menendang Muka Ibu-Ibu,"Setelah ditelusuri, ternyata ibu itu merupakan pelaku pencurian",Menpora Imam Nahrawi Mundur Dari Jabatannya
Klarifikasi Dinas Bina Marga DKI Jakarta Terkait Anggaran Rp56 Miliar Untuk Bangun 3 JPO,Sempat santer isu Pemerintah Provinsi (Pemprov) DKI Jakarta menganggarkan Rp56 Miliar untuk pembangunan tiga Jembatan Penyeberangan Orang (JPO),“Pangeran Uni Emirat Arab Dikabarkan Positif Virus Corona”
"Penggalian Saluran Air di Penjaringan, Jakarta Utara Bukan Proyek Palyja"," com, Wakil Gubernur DKI Jakarta Sandiaga Uno menyatakan bahwa proyek galian yang menelan korban jiwa di Penjaringan bukan dikerjakan oleh Palyja",Orang yang Bergolongan Darah O Lebih Rentan Terinfeksi Virus Corona
Kantor Staf Kepresidenan Mengklarifikasi Bahwa Tidak Ada Dokumen Penting Negara yang Hilang Pada Kasus Pencurian Terhadap Stafnya,"Atas beredarnya isu adanya dokumen penting negara yang hilang saat terjadi pencurian terhadap Armedya Dewangga, Staf Ahli Muda Kedeputian III Bidang Kajian Pengelolaan dan Isu Ekonomi Strategis Kantor Staf Kepresiden (KSP), pihak KSP pun memberikan klarifikasi",Wendi Cagur Meninggal Dunia
Benarkah selama puluhan tahun banyak perusahaan besar meninggalkan limbah dan tidak membayar pajak?,  Perusahaan sawit dan kertas di Indonesia berhutang senilai USD 220 juta atau sekitar Rp,Gambar Majalah Tempo “Sugeng Suparwoto Bohir Anies”
Klarifikasi Tentang Isu Gunung Salak Erupsi/Meletus,"Atas isu Gunung Salak Erupsi/Meletus, Badan Nasional Penanggulangan Bencana (BNPB) memberikan klarifikasi",Caresse Crosby Penemu Bra di Perancis
Klarifikasi Temuan Tim Investigasi Unnes Terkait Dugaan Plagiarisme Rektor Unnes,"  Mungin Edi Wibowo mengatakan, dari hasil investigasi dan penelitian yang dilakukan, maka menyimpulkan jika Fathur tidak melakukan plagiasi terhadap skripsi Anif Rida, mahasiswa Unnes",“surat panggilan tes interview PT. Pertamina 25 September 2020”
Selebaran Poster Acara Penobatan Miss Waria Banten 2018," Pembatalan acara tersebut diketahui berdasarkan foto surat pernyataan pembatalan acara Miss Waria yang ditandatangani Camat Carita, Suntama dan panitia penyelenggara yang bernama Nurul",Akun Instagram Bank Jateng
"Jokowi : ""Indonesia adalah negara penduduk muslim terbesar""","  “Besar, bukan hanya karena jumlah penduduknya yang lebih dari 250 juta jiwa",Devils Tower di Wyoming Amerika Serikat Adalah Pohon Purba
Pertamina Bantah Mengurangi Kuota BBM Bersubsidi Di Wilayah Solo Raya dan DI Yogyakarta," info, Manajer Komunikasi dan CSR Pertamina MOR IV, Andar Titi Lestari membantah telah mengurangi kuota BBM bersubsidi di wilayah tersebut",Gambar Jokowi “INGAT YA !!! CIRI ORANG MUNAFIK ADA 3…”
Sandiaga: Rahman Pengusaha Muda Asal Sidrap Mampu Ciptakan Lapangan Kerja," Menurut Sandiaga Uno, ini sebagai bukti bahwa masih banyak anak muda di Indonesia yang masih mau terjun dalam industri pangan, seperti Herman dan keluarganya",Video Rusia Mendukung Indonesia dalam Perang Menghadapi Australia
Prabowo Sebut Pembangunan Era Jokowi Tak Efisien," ""Kami ingin memberikan klarifikasi bahwa laporan ini selesai ditulis pada tahun 2014 sebelum Presiden Jokowi dilantik, (dan) bertujuan untuk memberikan gambaran mengenai keadaan perencanaan dan pembiayaan infrastruktur pada saat itu,"" jelas pernyataan resmi Bank Dunia pada awal bulan lalu",Razia Anak Tidak Bermasker Akan Dikarantina
Berpose Foto Salam Dua Jari Memakai Rompi Bawaslu,"Sebuah foto 3 orang yang memakai rompi bawaslu berfoto dengan pose salam dua jari, tanda dukungan kepada paslon Prabowo – Sandi","Batu ini yang dipijak oleh Nabi untuk naik ke langit, batu ini menangis hingga sekarang batu ini terapung"
Pesawat Citilink QG 801 Rute Semarang-Surabaya Tidak Hilang,"  “Manajemen Citilink Indonesia memastikan keselamatan dan keamanan setiap penerbangan, dan hingga hari ini semua penerbangan berjalan secara normal,” ujar Ranty",Foto Ikan Hiu di Tiang Listrik Akibat Badai Laura
Prabowo Sebut Pembangunan Era Jokowi Tak Efisien,"  Baginya, utang ini beresiko terhadap efisiensi infrastruktur yang sudah dibangun",Video Ledakan “Ukraina vs Rusia”
Benarkah pemerintahan Presiden Jokowi sudah memperkuat pertahanan dan keamanan di luar kawasan Pulau Jawa?,"  Setelah di Natuna, Indonesia membangun Satuan TNI Terintegrasi di Morotai, Biak",Informasi Razia Kendaraan di Cicurug
"""Bukan disebabkan vaksin, siswa MI di Palembang tewas karena radang otak""","""Tim dokter menemukan fakta bahwa korban menderita accute disseminated encephalomyelitis atau radang otak bersamaan dengan imunisasi",“Air yang menyambar petir”
"Rohani Sebut Pertumbuhan Ekonomi SBT Paling Rendah di Maluku, Akademisi Buka Data 2015-2019"," Jumlah penduduk miskin di Kabupaten SBT juga relatif naik, tahun 2017 26",Alfamart Menyumbangkan 6000 Kupon Untuk Membantu Melawan COVID-19
BPJS Hentikan Meng-cover Biaya Pengobatan Kanker,  Deputi Direksi Bidang Pelayanan Peserta BPJS Kesehatan Arief Syaifuddin mengatakan lembaganya masih menanggung sebagian dari obat untuk penderita kanker payudara,Peserta Wawancara Kerja Antam Wajib Pesan Tiket Travel di PT. Golden Asia
Sandiaga: Rahman Pengusaha Muda Asal Sidrap Mampu Ciptakan Lapangan Kerja,"Cawapres nomor urut 02 Sandiaga Uno berkampanye dan mengunjungi pengusaha beras bernama Rahman di Kabupaten Sindereng Rappang (Sidrap), Sulawesi Selatan",Varian Baru COVID-19 Bernama Delmicron
"Debat Pilkada Solo: Bajo Klaim Cagar Budaya Di Solo Banyak Yang Dijual, Ini Faktanya!"," com, total cagar budaya di Solo ada 172 bangunan yang telah ditetapkan oleh Dinas Tata Ruang Kota (DTRK) Solo",“Ambyaar Pemilik 201kg Sabu Dipetamburan Ternyata Anggota FPI”
Prabowo Sebut Pembangunan Era Jokowi Tak Efisien,  Prabowo memakai laporan Bank Dunia sebagai referensi dalam menyebut pembangunan Jokowi tidak efisien,“kesimpulan Rob Oswald: COVID 19 adalah khayalan dan fiktif”
Klarifikasi Video TKA China Mengukur Tanah,"Sebuah video yang memperlihatkan seorang warga negara asing (WNA) asal Tiongkok (China) tengah mengukur tanah di Jatimulya, Bekasi menjadi viral beberapa hari yang lalu",Dokter Italia Temukan Penyebab Covid-19 dari Bakteri Terpapar 5G
Klarifikasi Dinas Bina Marga DKI Jakarta Terkait Anggaran Rp56 Miliar Untuk Bangun 3 JPO,"  Kepala Dinas Bina Marga DKI Jakarta Yusmada Faizal menjelaskan, anggaran Rp56 miliar untuk pembangunan tiga JPO di Jalan Jenderal Sudirman-MH Thamrin belum merupakan angka final",Foto Pendaratan di Bulan dari Deep Web
Amien Rais menyebut 74 persen tanah di Indonesia dikuasai segelintir orang.,"  Menurut Drajad, rasio gini itu bisa diterjemahkan sebagai 1 persen penduduk Indonesia menguasai 74 persen lahan",Undertaker Mendukung Petani India
"Pilkada Sleman, DWS: Hampir Setengah APBD buat Belanja Pegawai?"," 139,85, setengah dari anggaran belanja daerah dalam APBD Sleman 2020",Video Jatuhnya Pesawat Sriwijaya Air SJ 182
"Jokowi : ""Indonesia adalah negara penduduk muslim terbesar""",  Sedangkan Nigeria berada di posisi lima besar,Razia Anak Tidak Bermasker Akan Dikarantina
Sandiaga: Rahman Pengusaha Muda Asal Sidrap Mampu Ciptakan Lapangan Kerja, Rahman di mata Sandi adalah pengusaha muda yang memberikan inspirasi,"Foto “Barbershop dengan tukang cukur wanita di Jalan Pratu Rai Madra, Kabupaten Badung, Bali”"
Lahan Hutan Prabowo Ratusan Ribu Hektare,  PT Kiani Hutan Lestari (kehutanan & perkebunan)3,Ibu Iriana Dapat Kalung dari Raja Salman dan Diserahkan ke KPK
"Benarkah pernyataan Calon Presiden Joko Widodo bahwa Pemerintah Indonesia telah menguasai sumber daya alam strategis seperti Blok Mahakam, Blok Rokan dan Freeport?"," Pada saat penandatanganan HoA, semua pihak sepakat nilai saham divestasi PT Freeport Indonesia mencapai US$ 3,85 miliar",Subsidi Ulang Tahun ke-78 Saudia Airlines
Sandiaga: Rahman Pengusaha Muda Asal Sidrap Mampu Ciptakan Lapangan Kerja," Ia mengatakan Sidrap memang salah satu daerah lumbung pangan, penghasil beras terbesar di Indonesia",Ternyata Biaya untuk Cuci Ginjal Kurang dari 10.000
Klarifikasi Tentang Isu Gunung Salak Erupsi/Meletus,  “Namun VAAC Darwin telah mengkoreksi hal itu bahwa tidak ada sebaran abu vulkanik dari daerah di sekitar Gunung Salak,Petir Menyambar Candi Borobudur
"Debat Pilkada Solo: Bajo Klaim Cagar Budaya Di Solo Banyak Yang Dijual, Ini Faktanya!"," ""Kami mengingatkan bahwa pagar yang mengelilingi bangunan eks RS Kadipolo, Solo, dan bangunan yang ada di dalamnya adalah cagar budaya yang dilindungi oleh UU No",Video “Raja Bahrain tiba di Dubai dengan pengawal robotnya”
Klarifikasi Tokopedia Terkait Isu Kebocoran Data, Ia juga menjelaskan bahwa data yang diklaim bocor itu sebenarnya memang data yang bisa diakses oleh siapapun,Video Penampakan Kuntilanak di Rumah Sakit Galang Batam
Benarkah pernyataan Calon Presiden Joko Widodo bahwa Indonesia kini berhasil menduduki tujuan wisata halal nomor satu di dunia?," ""Akhirnya penantian dalam 5 tahun, yang ditunggu-tunggu, Indonesia bisa menjadi peringkat pertama,"" katanya",Giveaway Soimah 1-5 juta
PAC PDIP Tenggilis Mejoyo Surabaya tangkap pelaku politik uang di Kendangsari," 40 WIB di rumah sebuah rumah di Jl Kendangsari GG IX Surabaya tersebut dipergoki oleh Ketua PAC PDI Perjuangan Tenggilis Mejoyo, Mardiono",Foto “kumpulan untuk mengakhiri COVID-19 di Cleveland hari ini #EndCOVID”
Jokowi: Kapal Nelayan di Bawah 10 GT Tidak Perlu Izin," Dijelaskan, untuk memperbaharui izin tidak membutuhkan waktu yang lama seperti pembuatan izin baru bagi kapal nelayan karena harus dilakukan proses verifikasi",Video Bocah Kritis Akibat Tersambar Petir Saat Main Handphone
Video Viral Polisi Menendang Muka Ibu-Ibu,  Tertangkap 3 orang yang terdiri dari dua ibu-ibu dan 1 anak berusia 14 tahun,Varian Baru COVID-19 Bernama Delmicron
FPI Tidak Menyebarkan Spanduk Habib Rizieq Dukung Khilafah," co, Novel Bamukmin, Anggota FPI, membantah pihaknya telah melakukan pemasangan spanduk tersebut",CEO Disney Ditangkap Karena Kasus Perdagangan Manusia
Klarifikasi Kemenkes Terkait Tuduhan Penggunaan Foto Tanpa Izin Untuk Bungkus Rokok,"Pria asal Kuningan, Dadang Mulya mengaku dirinya sebagai model dalam foto pria menggendong anak sambil merokok yang terpampang di bungkus rokok dan menyatakan bahwa penggunaan foto dirinya itu tidak berizin serta menuntut hak royalty",Hadiah IPhone 13 Pro Max dari PT Pos Indonesia
"Klarifikasi LIPI Terkait Isu Pemusnahan Buku, Tesis, dan Disertasi","  Pelaksana Tugas Kepala Pusat Dokumentasi dan Data Ilmiah (PDDI) LIPI, Hendro Subagyo mengatakan, pihaknya tengah melakukan digitalisasi terhadap koleksinnya",Prabowo Mengundurkan Diri dari Jabatannya
Klarifikasi Ridwan Kamil Terkait Foto 'Bowo',"Melalui akun instagramnya, akhirnya Ridwan Kamil memberikan klarifikasi sebagai berikut :  ""Buat yang suka marah-marah efek pilkada tanpa tabayun: Bowo Alpenleibe itu seleb tiktok yg jadi idola baru anak2, yg kebetulan minta 80k untuk bisa bertemu dan selfie, Bukan menyindir Bpk Prabowo Subianto yang sangat saya hormati","BERTAUBAT.! IBU NORMA RISMA TEBUS KESALAHAN, BONGKAR RAHASIA ROZY, AKHIRNYA ROZY RESMI DI PENJARA"
"Jokowi : ""Indonesia adalah negara penduduk muslim terbesar""","  Pew Research dalam laporannya memperkirakan pada 2050, India justru akan menjadi negara dengan penduduk atau populasi muslim terbesar dunia dengan jumlah 310,6 juta jiwa",Video Penampakan Kuntilanak di Rumah Sakit Galang Batam
"Surat Suara Ditemukan Sudah Tercoblos di TPS Malaka, Begini Faktanya"," “KPU sudah perintahkan untuk mengganti surat suara yang tercoblos itu,” ungkapnya saat dikonfirmasi, Rabu (9/12)",Foto Banser Tiba Di Papua
Rio Rizki Bukan Peraih Medali Emas Termuda Di ASIAN Games 2018," id, Rio mengatakan, dirinya kaget saat dirinya ditulis berusia 15 tahun oleh panitia dalam laman resmi ASIAN Games 2018",Bos Mayapada Jadi Pembina Brimob dan TNI
Susu Kental Manis Tidak Cocok untuk Anak," Sc mengatakan, SKM kerap digunakan sebagai pengganti susu biasa oleh masyarakat",“Kantor Bupati Jayawijaya Wamena di bakar habis oleh Warga Masyarakat Penolakan Otsus Jilid II”
Pesawat Citilink QG 801 Rute Semarang-Surabaya Tidak Hilang,"  Menurut dia, sejauh pemantauan manajemen dan hasil koordinasi di lapangan diketahui penerbangan pesawat yang dimaksudkan berjalan secara normal dan sudah mendarat selamat di Bandara Juanda Surabaya",Artikel berjudul “Gli Italiani Chiamano Anies Baswedan Troppo Stupido Come Il Governatore di Jakarta”
Klarifikasi Tokopedia Terkait Isu Kebocoran Data,"  Oleh karena itu, kerahasiaan dan keamanan data pribadi pengguna merupakan salah satu prioritas utama dalam bisnis Tokopedia,” ungkapnya","Jokowi Resuffle Kabinet, Menteri Lutfi Dipecat"
Barcode dari Menristekdikti terhubung dengan website keberhasilan Jokowi, Di website itu juga tertulis untuk melanjutkan Jokowi dua periode,Malam ini jam 24:00 BBM naik Tanggal 30 Agustus 2019
"Rohani Sebut Pertumbuhan Ekonomi SBT Paling Rendah di Maluku, Akademisi Buka Data 2015-2019","  Tahun 2015, laju pertumbuhan ekonomi SBT tercatat pada 5",Kangkung yang Mematikan dan Membawa Malapetaka
Klarifikasi Tokopedia Terkait Isu Kebocoran Data,  “Bisnis Tokopedia adalah bisnis reputasi dan kepercayaan,Voucher Undian Alfamart 21 Tahun
Klarifikasi Temuan Tim Investigasi Unnes Terkait Dugaan Plagiarisme Rektor Unnes,"Tim Investigasi Universitas Negeri Semarang (Unnes) memberikan klarifikasi temuan terkait dugaan plagiarisme Rektor Unnes, Prof",Pria yang di Tengah Presiden Soekarno dan Jendral Soedirman adalah Ayahanda Rizieq Shihab
Mahasiswa UnSri meninggal dunia setelah terjatuh dari lantai tiga apartemen Unsri,  Mahasiswa yang melihat peristiwa tersebut segera melarikannya ke rumah sakit,Foto “GEGER PAGI INI WANITA BAYARAN JHONNY G PLATE DITANGKAP NGAKU 50 JT SEKALI MAIN”
"Surat Suara Ditemukan Sudah Tercoblos di TPS Malaka, Begini Faktanya","  Selain itu, ia menyebut, kasus surat suara yang sudah tercoblos baru ditemukan di TPS Malaka saja",Foto Anak Irak Tidur di Atas Gambar Sosok Ibunya
Klaim Prabowo Terkait Operasional Pelabuhan Indonesia Diberikan Pihak Asing,"  Budi Karya menambahkan, penyerahan pengelolaan sejumlah pelabuhan diselesaikan pada akhir tahun 2017",Venna Melinda Hamil dan Mendapat Perlakuan Kasar Dari Ferry Irawan
"Jokowi : ""Indonesia adalah negara penduduk muslim terbesar""","  Jumlah itu tentu sangat besar bila dibandingkan dengan total penduduk Indonesia saat ini yang pada tahun lalu sekitar 258,7 juta jiwa",Foto Motor beserta Pengendaranya Terbakar Akibat Ponsel
BPJS Hentikan Meng-cover Biaya Pengobatan Kanker," Namun, hingga berita ini diturunkan, BPJS Kesehatan belum menanggapi rencana gugatan hukum yang akan dilakukan Edy Haryadi",Artis Senior ‘NIA DANIATI’ Meninggal Dunia Akibat Kecelakaan Mobil
"Surat Suara Ditemukan Sudah Tercoblos di TPS Malaka, Begini Faktanya"," Adi mengkalim, pihaknya tidak mengetahui penyebab surat suara yang tercoblos itu secara pasti","“kalau ada yg kerumah, pakai baju lambang pancasila laki-laki 2 orang, Penipu itu, karna sudah ada yg dihipnotis.”"
"Jokowi : ""Indonesia adalah negara penduduk muslim terbesar""","  Persentase Muslim Indonesia mencapai hingga 12,7 persen dari populasi dunia",Foto “Imam Besar Kadrun yg baru : IMAM BESAR ROJACK AL GARONG”
Benarkah pemerintahan Presiden Jokowi sudah memperkuat pertahanan dan keamanan di luar kawasan Pulau Jawa?," Selain itu pada 18 Desember 2018, Indonesia meresmikan satuan pertahanan terintegrasi di Natuna, Kepulauan Riau",Foto Mengharukan Dua Bersaudara dari Gaza Bertemu Setelah Mengira Salah Seorang dari Mereka Meninggal
Pertamina Bantah Mengurangi Kuota BBM Bersubsidi Di Wilayah Solo Raya dan DI Yogyakarta,"  “Kami tegaskan kembali bahwa Pertamina tidak melakukan pengurangan solar, khususnya solar bersubsidi",Akun Facebook Wali Kota Malang “Sutiaji Sutiaji”
BPJS Hentikan Meng-cover Biaya Pengobatan Kanker,"  Di video berdurasi 58 detik itu, Liswati mengaku sebagai pasien kanker payudara yang tidak ditanggung biaya pengobatannya oleh pemerintah",Pesan WhatsApp Soal Razia Keliling di Pekalongan
"Jokowi : ""Indonesia adalah negara penduduk muslim terbesar""","  Pada tahun itu tercatat 209,1 juta jiwa lebih penduduk Indonesia merupakan muslim", Muncul Awan Berbentuk Angka 2 Saat Pilkada Depok
Benarkah selama puluhan tahun banyak perusahaan besar meninggalkan limbah dan tidak membayar pajak?,"  Namun, hingga kini belum ada kejelasan mengenai pembayaran denda",“Ra Karror menikahi dua perempuan sekaligus.”
FPI Tidak Menyebarkan Spanduk Habib Rizieq Dukung Khilafah," ’ Selain ada logo FPI, dalam spanduk tersebut juga terpampang logo Hizbut Tahrir Indonesia (HTI) dan FPI di sebelah kanan","Pesan WhatsApp Bupati Purwakarta, Anne Ratna Mustika Memberi Sumbangan"
Klarifikasi Tentang Isu Gunung Salak Erupsi/Meletus,"  Kepala Pusat Data Informasi dan Humas BNPB, Sutopo Purwo Nugroho menyatakan bahwa Gunung Salak tidak meletus dan statusnya normal",Akun Whatsapp Bupati Grobogan Sri Sumarni “+6282132330593”
Klarifikasi KPK Terkait Foto Setya Novanto Tanpa Baju Tahanan,"Atas tersebarnya foto Setya Novanto, Mantan Ketua Dewan Perwakilan Rakyat (DPR) RI, tidak mengenakan baju tahanan Komisi Pemberantasan Korupsi (KPK) di media sosial, pihak KPK pun memberikan klarifikasi",Foto Presiden Jokowi Menghadiri KTT G20 Tahun 2021
Klarifikasi Tokopedia Terkait Isu Kebocoran Data," “Tokopedia tidak menemukan adanya kebocoran atau pembobolan data oleh pihak ketiga terhadap data rahasia pengguna kami,” ujarnya",“75 Tahun Indonesia Merdeka Baru Di Zaman Jokowi Lah Sumatera Mempunyai Jalan Tol”
"Debat Pilkada Solo: Bajo Klaim Cagar Budaya Di Solo Banyak Yang Dijual, Ini Faktanya!"," Namun, saat ini ada salah satu bangunan cagar budaya, yakni RS Kadipolo yang disebut-sebut dijual dan sedang dikasuskan",BPJS Kesehatan Berikan Dana Bantuan Rp100 Juta
Klarifikasi Terkait Isu Kelangkaan Gas LPG 3 Kg di Bangka Belitung,"  Kepala Disperindag Babel Sunardi mengatakan tidak ada laporan dari masyarakat tentang kelangkaan gas, apalagi pihaknya juga memiliki tim pengawas yang terus menerus melakukan pemantauan terhadap beberapa komoditas strategis kebutuhan masyarakat, termasuk gas Elpiji","Mesin Jahit Milik Istri Nabi Muhammad, Aisyah binti Abu Bakar"
Informasi Pihak Kepolisian Akan Bubarkan Warga yang Salat Idul Adha di Jembatan Ampera,  Polisi hanya akan mengatur agar lalu lintas tidak terhambat,Video Erupsi Gunung Semeru
Prabowo Sebut Pembangunan Era Jokowi Tak Efisien,  Laporan pertama yang mengkritik perencanaan infrastruktur ternyata laporan tahun 2014,"Orang Tua Brigadir J Menyerah, Minta Kasus Pembunuhan Anaknya Dihentikan"
Ridwan Kamil Bantah Artikel “Ridwan Kamil: Di jawa Barat Kita Akan Mendata Siapa Saja Yang Tidak Mendukung Jokowi!!”,  Siapa yang menjadi pemimpin sudah Allah tentukan,Video Meteor Jatuh di Laut Baltik
Benarkah pernyataan Calon Presiden Joko Widodo bahwa Indonesia kini berhasil menduduki tujuan wisata halal nomor satu di dunia?," Menteri Pariwisata Arief Yahya mengatakan pada 2015, Indonesia menduduki peringkat kelima sebagai negara ramah Muslim atau wisata halal",“Ruang Kerja Anies Baswedan di Geledah KPK”
BPJS Hentikan Meng-cover Biaya Pengobatan Kanker,"  Edy amat berharap BPJS Kesehatan mengubah kebijakannya karena harga obat ini di pasaran amat mahal, yaitu mencapai Rp 25 juta",Pembukaan Rekrutmen Pekerjaan untuk Warga Ber-KTP Surabaya
"Rohani Sebut Pertumbuhan Ekonomi SBT Paling Rendah di Maluku, Akademisi Buka Data 2015-2019","  “Event itu memang jangka pendek tapi bisa menjadi stimulun untuk pertumbuhan ekonomi suatu daerah, apalagi di SBT akses jalan laut dan darat juga terus tumbuh,” kata Leasiwal",J&T Promo Bagi-Bagi Handphone
"Surat Suara Ditemukan Sudah Tercoblos di TPS Malaka, Begini Faktanya"," Sementara itu, Ketua KPUD KLU Juraidin mengatakan, pihaknya masih membutuhkan  waktu untuk melakukan pengecekan secara detail terkait surat suara yang telah tercoblos itu",KPK Resmi Tetapkan PJ Gubernur Heru Budi Tersangka Korupsi 349 Triliun
Klarifikasi Tentang Isu Gunung Salak Erupsi/Meletus,"  Adapun, menurut Sutopo, informasi tersebut berasal dari laporan VAAC Darwin (Volcanic Ash Advisory Centre) yang menyatakan Gunung Salak meletus berdasarkan pantauan satelit Himawari",“Merauke lintang Kemukus”
Penjelasan Mosaik Jalan di Depan Balaikota Surakarta Solo yang Disebut Mirip Salib," “Itu adalah konsep Jawa, delapan arah mata angin yang mengelilingi Tugu Pemandengan",Air Rebusan Nanas Bisa Membunuh Sel Kanker
Jokowi: Kapal Nelayan di Bawah 10 GT Tidak Perlu Izin,"Menteri Perikanan dan Kelautan Republik Indonesia, Susi Pudjiastuti sebelumnya mengatakan bahwa kapal nelayan dengan ukuran di bawah 10 gross tonnase (GT) bebas izin, seperti dikutip dari Kontan","Ketua Asosiasi Perangkat Desa Seluruh Indonesia (APDESI) Kabupaten Bireuen, Aceh Meminta Bantuan Uang dan Pulsa"
Jokowi: Kapal Nelayan di Bawah 10 GT Tidak Perlu Izin," Dikatakan, dengan adanya aturan itu, para nelayan kecil akan mudah melakukan aktivitas melaut atau bekerja mencari ikan di perairan","IGUN DAN RUBEN JENGUK BUNDA CORLA KE JERMAN, ALHAMDULILLAH BUNDA CORLA SUDAH SEMBUH.!!!"
Klarifikasi Ponpes Darul Muwahiddin Atas Penolakan Kedatangan Ma’aruf Amin,Wakil Pimpinan Ponpes Darul Muwahiddin Asep Zaki menjelaskan bahwa penolakan atas kedatangan Ma’aruf Amin ke ponpesnya lantaran agenda kedatangannya bentrok dengan agenda pimpinan ponpes,NGERI !! CHINA BERHASIL OBRAK-ABRIK MILITER INDONESIA
Benarkah pernyataan Calon Presiden Joko Widodo bahwa Indonesia kini berhasil menduduki tujuan wisata halal nomor satu di dunia?,"Untuk pertama kalinya, Indonesia berhasil menduduki peringkat teratas destinasi wisata halal yaitu Mastercard-Crescent Rating Global Muslim Travel Index (GMTI) 2019 bersama dengan Malaysia",Donald Trump Umumkan Roche Medical Company akan Meluncurkan Vaksin Covid19 Jutaan Dosis Minggu Depan
"Jokowi : ""Indonesia adalah negara penduduk muslim terbesar""", Indonesia di Asia Tenggara ini disebut sebagai tanah dengan populasi Muslim tertinggi,Video Jagal Sapi Meninggal Ditendang Sapi Qurban
Klarifikasi KPK Terkait Foto Setya Novanto Tanpa Baju Tahanan,"  “Terkait sejumlah informasi yang beredar dan pertanyaan tentang kenapa Setya Novanto tidak mengenakan baju tahanan KPK, perlu kami jelaskan bahwa Setya Novanto tidak lagi berada pada masa penahanan KPK karena sudah dilakukan eksekusi ke Lapas Sukamiskin setelah putusan berkekuatan hukum tetap,” kata Febri","“Said Aqil: Negara China Bukan Negara Komunis, Yang Komunis Itu Justru Arab?”"
PNS dan Guru Dilaporkan Terbanyak Sebar Hoaks di Medsos,Badan Kepegawaian Negara (BKN) menerima pengaduan soal Aparatur Sipil Negara (ASN) hingga guru karena diduga menyebarkan ujaran kebencian dan berita palsu di media sosial macam Facebook dan Twitter,Dunkin’ Donuts Bagikan Satu Lusin Donat per Keluarga
Klarifikasi Terkait Isu Kelangkaan Gas LPG 3 Kg di Bangka Belitung,Dinas Perindustrian dan Perdagangan (Disperindag) Bangka Belitung (Babel) memberikan klarifikasi terkait isu kelangkaan gas LPG 3 Kg di daerah Babel,Vaksin Covid-19 Bisa Bikin Wanita Mandul
Sandiaga: Rahman Pengusaha Muda Asal Sidrap Mampu Ciptakan Lapangan Kerja," ""Rahman adalah pengusaha  muda, milenial, bersama Cahyadi adiknya dan abangnya, mengelola hasil pertanian",Sekeluarga Terinfeksi Covid-19 Setelah Menghadiri Acara Ulang Tahun
"Rohani Sebut Pertumbuhan Ekonomi SBT Paling Rendah di Maluku, Akademisi Buka Data 2015-2019"," Dari berbagai data yang diolah, pada tahun 2019, pertumbuhan ekonomi di Kota Ambon, Kepulauan Aru, Kota Tual, Maluku Tenggara, Maluku Barat Daya dan Maluku Tenggara Barat paling cepat dengan laju pertumbuhan rata-rata pada kisaran di atas 6 % dibanding kabupaten lainnya",Video Gempa di Banten 14 Januari 2022
Amien Rais menyebut 74 persen tanah di Indonesia dikuasai segelintir orang.,Hasil riset itu menunjukkan bahwa 40 orang terkaya di Indonesia menguasai aset yang setara dengan hampir 600 ribu kali lipat aset yang dimiliki oleh rata-rata orang biasa,Salam Satu Jempol Jokowi untuk Mendukung Paslon No. 1 Pilkada Malaka 2020
"Sebagian Benar, Klaim Jokowi Soal Hampir Tidak Ada Konflik Pembebasan Lahan",  Sampai hari ini PLTU Batang masih menyisakan konflik pembebasan lahan,Baim Wong Bagi-Bagi Hadiah 100 Juta
"Debat Pilkada Solo: Gibran Sebut Setiap Kelurahan Punya Gamelan, Ini Faktanya!","  Menurut Wali Kota Solo, FX Hadi Rudyatmo, hibah gamelan slendro pelog ke setiap kelurahan diharapkan bisa dimanfaatkan oleh masyarkat",Video Anies Baswedan Test Drive Sirkuit Monas
BPJS Hentikan Meng-cover Biaya Pengobatan Kanker,"  ""Terkait dengan tidak dijaminnya obat Traztuzumab, hal ini sudah sesuai dengan keputusan Dewan Pertimbangan Klinis yang menyatakan obat ini tidak memiliki dasar indikasi medis untuk digunakan bagi pasien kanker payudara metastatik walaupun dengan restriksi,"" demikian Nopie",Foto Banjir di Jakarta
"Surat Suara Ditemukan Sudah Tercoblos di TPS Malaka, Begini Faktanya","  Namun, dikatakannya, surat suara yang telah tercoblos tersebut telah diganti sesuai dengan arahan KPU",“Kirim Berkas Lamaran Anda melalui recruitment.hrd.ptimip@gmail.com”
"""Satelit Merah Putih Milik Telkom Indonesia Resmi Diluncurkan SpaceX"""," com - Satelit Merah Putih milik PT Telkom Indonesia (Persero) Tbk telah meluncur ke orbit bersama SpaceX Falcon 9, dari Cape Canaveral Air Force Station, Florida, sekitar pukul 12:18 WIB",“Tweet Habib Rizieq: Ane pernah kebagian sembako atau BLT selama ini”
"Rohani Sebut Pertumbuhan Ekonomi SBT Paling Rendah di Maluku, Akademisi Buka Data 2015-2019"," 81 persen, tapi pada tahun 2016 sampai tahun 2018 pertumbuhan ekonomi kabupaten SBT bahkan terus melambat tercatat 0",“Pesan Telak KOPASSUS Untuk PKI Yang Sekarang Mulai Bangkit”
"Benarkah pernyataan Calon Presiden Joko Widodo bahwa Pemerintah Indonesia telah menguasai sumber daya alam strategis seperti Blok Mahakam, Blok Rokan dan Freeport?",  Kementerian ESDM memutuskan pengelolaan Blok Rokan pada tahun 2021 jatuh kepada Pertamina,Bulan berada di kutub utara
"Jokowi : ""Indonesia adalah negara penduduk muslim terbesar""", ” Jokowi juga mengatakan Indonesia tak hanya besar dari sisi penduduk tapi memiliki keragaman budaya yang sangat banyak jumlahnya,“bawah merah untuk penangkalan apabila tergigit Ular atau binatang apa saja yg mempunyai bisa”
"""Bisa Terbang dan Stoppie, Jokowi Ternyata Pakai Pemeran Pengganti, Ini Dia Sosoknya""","""""Pemeran penggantinya Saddum So dari Thailand,"" buka Reza SS, stunt rider dan freestyler motor asal Indonesia",Bandara King Hamad di Doha Qatar Memiliki Luas 776 Kilometer Persegi dan Lebih Besar Daripada Kota Mumbai di India
"""Pare Tidak Serta-merta Bisa Menyembuhkan Kanker""","""Untuk mengobati kanker, dokter lebih menyarankan penderitanya untuk menjalani kemoterapi, radioterapi, operasi, dan terapi-terapi lainnya sesuai dengan jenis atau tingkat keparahan kanker yang diderita",Seorang Ibu Lahirkan 18 Bayi Kembar
Klarifikasi Kemenag Terkait Kabar Pemecatan Dosen Hayati,"  Kasubbag Tata Usaha dan Humas Itjen Kementerian Agama, Nurul Badruttamam mengatakan, pemberhentian tersebut dilakukan karena Hayati melanggar disiplin pegawai",RSCM Praktekkan Penyedotan Plug (Sumbatan) Vena/Saluran Darah
Pertamina Tidak Bangkrut," id, Direktur Keuangan Pertamina Arief Budiman, menegaskan bahwa Pertamina kondisi keuangan perusahaan hingga saat ini (24/7) dalam kondisi aman dan terkendali, sebab pemerintah masih mendukung Pertamina tetap sehat",Prabowo Pose Dua Jari Untuk Pilkada Bontang
"Lambangnya Dicatut Sekber Gerindra-PKS, PBB Beri Klarifikasi", Yusril pun menyesalkan nama partainya disebut dalam empat partai yang terlibat dalam Sekber Gerindra-PKS,Gambar Mahasiswa Indonesia Terima Penghargaan Nobel Kedokteran Atas Penemuan Obat Diabetes
Prabowo Sebut Pembangunan Era Jokowi Tak Efisien, Prabowo tidak menyebut laporan mana yang ia jadikan referensi,"""Pemberitahuan pemenang undian bank BRI"""
Belum Ada Susunan Resmi Tim Kampanye/Pemenangan Pasangan Prabowo-Sandi Hingga Kini (21 Agustus 2018)," com, Wakil Ketua Umum Partai Gerindra Rachmawati Soekarnoputri menyatakan bahwa pihaknya belum merilis tentang tim pemenangan Prabowo-Sandi",Menpora Imam Nahrawi Mundur Dari Jabatannya
"Jokowi : ""Indonesia adalah negara penduduk muslim terbesar""","  Indonesia justru diperkirakan akan berada di peringkat ketiga dengan populasi 256,8 juta jiwa, atau di bawah Pakistan yang menyodok ke posisi kedua",Air Nanas Panas Sembuhkan Kanker
Rio Rizki Bukan Peraih Medali Emas Termuda Di ASIAN Games 2018,"Perihal kabar dirinya sebagai peraih medali emas termuda di ajang ASIAN Games 2018, Rio Rizki Darmawan, atlet dayung Indonesia, beri klarifikasi","“Pesawat jatuh dengan lebih dari 20 misionaris di dalamnya, akan memberitakan injil dan tidak ada yang meninggal”"
Klarifikasi Dinas Bina Marga DKI Jakarta Terkait Anggaran Rp56 Miliar Untuk Bangun 3 JPO,"  Menanggapi hal tersebut, Dinas Marga DKI Jakarta memberikan klarifikasi",Baju Fadli Zon bertuliskan “JUBIR FPI”
"Debat Pilkada Solo: Bajo Klaim Cagar Budaya Di Solo Banyak Yang Dijual, Ini Faktanya!","  Senada dengan Yunanto,  Arkeolog Universitas Indonesia Yoseph Ferdinand Londo prihatin dengan praktik jual-beli bangunan cagar budaya untuk kemudian dialihfungsikan menjadi area komersil",Ternyata Biaya untuk Cuci Ginjal Kurang dari 10.000
Lahan Hutan Prabowo Ratusan Ribu Hektare,"  PT Tribuana Antarnusa (jasa)Namun data terbaru yang diunduh dari lahan tersebut pada Minggu 17 Februari 2019, jumlah perusahaan yang masih dimiliki Prabowo berkurang drastis",Perubahan Tarif Transfer Bank BRI Jadi Rp150.000
"Rohani Sebut Pertumbuhan Ekonomi SBT Paling Rendah di Maluku, Akademisi Buka Data 2015-2019"," “Mestinya tingkat konsumsi di kabupaten SBT lebih tinggi dari pada Kabupaten SBB, atau Maluku Tengah, karena loksinya (SBT) cukup jauh dari pusat perkotaan (Ambon), kalau SBB kan secara geografis cukup dekat dengan Ambon,” urainya",Setya Novanto Dibebaskan Karena COVID-19
Benarkah pernyataan Calon Presiden Joko Widodo bahwa Indonesia kini berhasil menduduki tujuan wisata halal nomor satu di dunia?," ""Wisatawan Muslim secara global diprediksi akan tumbuh menjadi 230 juta wisatawan yang merepresentasikan lebih dari 10 persen total wisatawan global secara keseluruhan,"" ucap Fazal",Website “www.smkn1sukabumi.simdikonline.id” PPDB SMKN 1 Kota Sukabumi
FPI Tidak Menyebarkan Spanduk Habib Rizieq Dukung Khilafah,"Pihak Front Pembela Islam (FPI) membantah telah memasang dan menyebarkan spanduk bergambarkan Imam Besar FPI Habib Rizieq Shihab (HRS) mendukung khilafah di sejumlah titik Kota Depok, Jawa Barat",Kangkung yang Mematikan dan Membawa Malapetaka
Benarkah selama puluhan tahun banyak perusahaan besar meninggalkan limbah dan tidak membayar pajak?,"  Padahal, dana itu akan digunakan untuk membiayai restorasi",Kota Manado Zona Hitam Covid-19
Benarkah selama puluhan tahun banyak perusahaan besar meninggalkan limbah dan tidak membayar pajak?," Mengutip dari Deutsche Welle, sejumlah perusahaan perkebunan yang divonis bersalah karena terbukti membakar hutan sejak 2009 hingga kini belum membayar uang denda bernilai trilyunan Rupiah",Dokter Israel Membantu Pasien Corona di China
Lahan Hutan Prabowo Ratusan Ribu Hektare,  PT Tusam Hutani Lestari (kehutanan & perkebunan)6,Lacak Ponsel Hilang Lapor ke cop@vsnl.net
Lahan Hutan Prabowo Ratusan Ribu Hektare,  PT Tanjung Redeb Hutani (kehutanan & perkebunan)5,Akun Telegram Modalku Berisi Ajakan Investasi
"Penggalian Saluran Air di Penjaringan, Jakarta Utara Bukan Proyek Palyja"," PAM Jaya, menurut Erlan, sudah mengecek ke lapangan dan memastikan pekerja yang tertimbun adalah karyawan kontraktor yang melakukan proyek pemasangan jaringan distribusi ke wilayah Rusun Penjaringan",Orang yang Bergolongan Darah O Lebih Rentan Terinfeksi Virus Corona
PT MRT Klarifikasi Perihal Kebakaran di Stasiun Lebak Bulus,PT MRT memberikan klarifikasi atas terjadinya kebakaran di Stasiun Lebak Bulus,Foto Harimau Berkeliaran di Perawang Riau
Penjelasan MUI terkait Pernyataan Tengku Zulkarnain yang Sebut MUI akan Ajukan Hukuman Potong Tangan Bagi Koruptor,"Menanggapi pernyataan Tengku Zulkarnain, Ketua Bidang Infokom Majelis Ulama Indonesia Masduki Baidlowi mengatakan MUI tidak pernah mengusulkan hukuman potong tangan untuk masuk dalam rangkaian hukum positif",Situs Schneider Electric Menawarkan Pembiayaan
"Rohani Sebut Pertumbuhan Ekonomi SBT Paling Rendah di Maluku, Akademisi Buka Data 2015-2019","  Meski demikian untuk daerah yang baru mekar seperti kabupaten SBB, kondisi turun naiknya pertumbuham ekonomi masih cukup wajar",Kuota 50 GB Gratis dalam Perayaan Ulang Tahun WhatsApp
BPJS Hentikan Meng-cover Biaya Pengobatan Kanker," ""Dokter penanggung jawab pasien akan memilih obat untuk terapi kanker payudara pasien sesuai dengan pertimbangan kondisi klinis pasien,"" dia menegaskan",Tahapan Pelaksanaan SKB CPNS oleh BKN
BPJS Hentikan Meng-cover Biaya Pengobatan Kanker,  Salah satunya adalah ketika BPJS tidak lagi menjamin obat kanker payudara Trastuzumab atau Herceptin per 1 April 2018,3 Juta Orang Inggris Masuk Islam Secara Serentak
"Jokowi : ""Indonesia adalah negara penduduk muslim terbesar""","  Namun, formasi negara-negara dengan penduduk muslim terbesar diperkirakan akan mengalami perubahan signifikan",Video “MENGEJUTKAN! PRABOWO MUNDUR DARI JABATANNYA!!TAK INGIN TERJERUMUS KEJALAN BUSUK JOKOWI”
BPJS Hentikan Meng-cover Biaya Pengobatan Kanker,"  Ini terjadi karena BPJS tidak bisa memutuskan sendiri, tapi harus mengacu pada keputusan Dewan Pertimbangan Klinis",Innalillahi:Semua Sedih Ustadzah Kondang Mama Dedeh Meninggal Dunia!
Mahasiswa UnSri meninggal dunia setelah terjatuh dari lantai tiga apartemen Unsri,"  Almarhum kini sedang dikafani dan disalatkan sanak saudara dan kawannya dari Himaja dan mahasiswa Unsri,” kata Nuraidil, orangtua siswa Titian Teras yang datang ke RS melalui pesan WA",Petinggi WHO Terpapar Covid-19
"Lambangnya Dicatut Sekber Gerindra-PKS, PBB Beri Klarifikasi","  Bilapun ingin membawa nama PBB, menurut Yusril, harusnya pihak penggagas Sekber lebih dulu mengajak PBB berbicara",Akun Instagram @bahana_investment
"Lambangnya Dicatut Sekber Gerindra-PKS, PBB Beri Klarifikasi"," “Pencantuman logo PBB dalam rumah sekretariat bersama tanpa konfirmasi ke saya selaku Ketua Bidang Pemenangan Presiden dan tanpa ada surat ke Sekretariat Jenderal PBB,” ujar Sukmo",Pesawat Sriwijaya Air SJ 182 Meledak di Udara
Jokowi: Kapal Nelayan di Bawah 10 GT Tidak Perlu Izin," Menteri Perikanan dan Kelautan Republik Indonesia, Susi Pudjiastuti, mengatakan kapal nelayan dengan ukuran di bawah 10 gross tonnase (GT) bebas izin","“menolak lupa, wajah sedih diubah menjadi gembira oleh kebohongannya.”"
Benarkah selama puluhan tahun banyak perusahaan besar meninggalkan limbah dan tidak membayar pajak?,"  “Hasil evaluasi Gerakan Nasional Penyelamatan Sumber Daya Alam oleh Komisi Pemberantas Korupsi pada 2018,tingkat kepatuhan Wajib Pajak (WP) Badan di sektor perkebunan sawit hanya 46,3 persen,” kata Iqbal di Kantor Google, Jakarta Selatan pada Ahad, 17 Februari 2019",Akun Facebook Kepala BKPSDM Kabupaten Ogan Komering Ulu (OKU) Timur H Sutikman
Klarifikasi Tokopedia Terkait Isu Kebocoran Data,"  Oleh karena itu, kerahasiaan dan keamanan data pribadi pengguna merupakan salah satu prioritas utama","Habis makan kepiting jangan Minum susu, dan makan pisang,bisa jadi RACUN"
PT MRT Klarifikasi Perihal Kebakaran di Stasiun Lebak Bulus," com, Corporate Secertary MRT Jakarta Tubagus Hikmatullah menjelaskan, kebakaran yang terjadi bukan karena konsleting arus listrik untuk pengoperasian MRT Jakarta sebab di lokasi kejadian belum dialiri arus listrik sama sekali",Kulit Bayi Baru Lahir Melepuh karena Sang Ibu Divaksin COVID-19
Susu Kental Manis Tidak Cocok untuk Anak,"  Tujuannya, demi meluruskan salah kaprah informasi SKM yang dianggap sebagai produk susu bernutrisi penambah asupan gizi oleh masyarakat",Pertolongan pertama pada stroke dengan tusukan jarum ke ujung setiap jari masing-masing atau bagian bawah daun telinga
"Lambangnya Dicatut Sekber Gerindra-PKS, PBB Beri Klarifikasi","  PBB tidak pernah diajak bicara membentuk koalisi empat parpol tiba-tiba meresmikan Sekber seolah-olah PBB adalah bagian dari koalisi,” cuitnya (28/4)",Video “BJP Yuva Karyakarta Menendang Balik Bom Asap ke Paviliun!”
"Surat Suara Ditemukan Sudah Tercoblos di TPS Malaka, Begini Faktanya"," co, bahwa benar adanya surat suara yang telah tercoblos di TPS Malaka, Pemenang",Video “Kembang api Olimpiade ditampilkan pada saat ini karena Olimpiade Tokyo ditunda karena covid-19”
Barcode dari Menristekdikti terhubung dengan website keberhasilan Jokowi,Tempo mendapatkan bahan materi yang dipresentasikan Menristekdikti M,Air Nanas Panas Sembuhkan Kanker
Foto “Salam Dua Jari” Kapolda Sumut Paulus Waterpauw Bersama Ketua Relawan Djarot-Sihar," ""Namun, kembali saya tegaskan kalau foto ini tidak ada hubungannya dengan Pilgubsu",COVID-19 Varian Omicron Adalah Senjata Biologis Buatan
Prabowo Sebut Kekayaan RI Banyak Berada di Luar Negeri,  Pemerintah sudah mengeluarkan peraturan mengenai Devisa Hasil Ekspor (DHE),Vaksin Covid-19 Buatan Pfizer Berbentuk Vape
" Benar, Cabup Barru Malkan Amin Meninggal Dunia di RSUP Wahidin Sudirohusodo","  Almarhum meninggal di saat hari pemungutan suara, hari ini Rabu, 9 Desember 2020","“Uang Pecahan Baru, Selembar 1 Juta”"
Informasi Pihak Kepolisian Akan Bubarkan Warga yang Salat Idul Adha di Jembatan Ampera," ""Tidak benar ada pembubaran itu, kami tetap bolehkan salat Ied di Jembatan Ampera",Video Keramaian Stasiun Kereta Api di India Selama Pandemi COVID-19
PNS dan Guru Dilaporkan Terbanyak Sebar Hoaks di Medsos," Kepala Biro Humas Badan Kepegawaian Negara (BKN) Mohammad Ridwan menuturkan berdasarkan data yang dihimpun Lapor-BKN, ada 14 aduan yang melibatkan ASN pusat dan daerah terkait dengan ujaran kebencian dan hoaks","Video Billboard di New York: “No Zelensky, No War”"
Pertamina Bantah Mengurangi Kuota BBM Bersubsidi Di Wilayah Solo Raya dan DI Yogyakarta,"  Kami tetap menyediakan solar, dari bio solar, Dextlite dan Pertamina Dex",Banyak Data Orang Meninggal Dunia Akibat Vaksin Covid-19
PNS dan Guru Dilaporkan Terbanyak Sebar Hoaks di Medsos," ""Terlapor terbanyak berprofesi sebagai dosen ASN, kemudian diikuti oleh PNS Pemerintah Pusat, PNS Pemerintah Daerah dan guru,"" kata Ridwan dalam situs Sekretariat Kabinet, Jumat (8/6)",Foto “Lagi lagi corona tka cina makasih banyak yang datang ke Indonesia trs bawa amunisi”
"Pilkada Sleman, DWS: Hampir Setengah APBD buat Belanja Pegawai?","  Jika ditotal, anggaran belanja pegawai langsung dan tak langsung senilai Rp1",Akun Whatsapp Wakil Bupati Serdang Adlin Umar Yusri T “+6285290137797”
Klarifikasi Video TKA China Mengukur Tanah,  Video yang telah dibagikan sebanyak 26 ribu kali itu disertai narasi yang menyebutkan bahwa WNA China itu datang tiba-tiba dan langsung mengukur tanah di daerah tersebut,Ternyata Biaya untuk Cuci Ginjal Kurang dari 10.000
Benarkah selama puluhan tahun banyak perusahaan besar meninggalkan limbah dan tidak membayar pajak?,"Menurut Peneliti yayasan lingkungan hidup Auriga, Iqbal Damanik, tingkat kepatuhan Wajib Pajak (WP) Badan di sektor perkebunan sawit masih rendah",Link Pengecekan Penerima Bansos dengan NIK E-KTP
" Benar, Cabup Barru Malkan Amin Meninggal Dunia di RSUP Wahidin Sudirohusodo","Direktur RSUP Wahidin Sudirohusodo, dr Khalik Saleh membenarkan meninggalnya Calon Bupati Kabupaten Barru, Provinsi Sulawesi Selatan, Andi Malkan Amin",Ibu Iriana Dapat Kalung dari Raja Salman dan Diserahkan ke KPK
Klarifikasi KPK Terkait Foto Setya Novanto Tanpa Baju Tahanan," id, Juru Bicara KPK Febri Diansyah mengatakan, perihal Setnov tidak menggunakan baju tahanan KPK dikarenakan mantan Ketua Umum Golkar tersebut sudah bukan tahanan KPK melainkan tahanan Lapas Sukamiskin dan terkait Setnov beredar di luar itu dikarenakan yang bersangkutan tengah dipanggil Pengadilan Tindak Pidana Korupsi (Tipikor) Jakarta untuk terdakwa Irvanto Hendra Pambudi dan Made Oka Masagung pada Selasa (18/9)",Minggu 21 Juni 2020 Baim Wong Rilis Hadiah Buat 500 Orang Pemenang
BPJS Hentikan Meng-cover Biaya Pengobatan Kanker,"  Selama ini, Edy menggunakan BPJS Kesehatan untuk proses pengobatan istrinya",Foto Banjir di Kalimantan Selatan
"Sebagian Benar, Klaim Jokowi Soal Hampir Tidak Ada Konflik Pembebasan Lahan", Adhityani Putri dari Yayasan Indonesia Cerah menegaskan bahwa konflik akibat pembebasan lahan masih cukup terjadi,Pesan Berantai Bantuan Sosial dari Bank BJB 
Video Pemotor yang Melintas di JLNT Casablanca Tak Ditilang Polisi Karena Punya Black Card," ""Nggak ada itu (pemotor tak ditilang karena punya 'black card'),"" ujar Dirlantas Polda Metro Jaya Kombes Yusuf",Motor Terbakar Di Yogyakarta Karena Hand Sanitizer
"Jokowi : ""Indonesia adalah negara penduduk muslim terbesar""","  Dari 205 juta penduduk Indonesia, dilaporkan sedikitnya 88,1 persen beragama Islam",Video “Lagi macet Di Rampok pakai pistol/senjata api di pasar ikan Penjaringan Jakarta Utara”
Kementerian PUPR Beri Klarifikasi Perihal Isu Pengambilalihan Proyek Enam Ruas Tol di DKI Jakarta," id, Menteri PUPR Basuki Hadimuljono membantah telah mengambil proyek ruas enam tol di DKI Jakarta",Usia 50 ke Atas Dilarang Masuk Mal Hingga Makan di Kafe pada Fase New Normal
Klarifikasi Tokopedia Terkait Isu Kebocoran Data,  “Tokopedia tidak pernah menjual data pelanggan kepada pihak manapun,"Hindari Mobilisasi Militer, Seorang Pria di Rusia Bersembunyi di Dalam Kulkas"
Prabowo Sebut Pembangunan Era Jokowi Tak Efisien, Prabowo juga mengkritisi cara pemerintah sekarang yang banyak membangun infrastruktur dengan cara menambah utang,Video Ribuan Ikan Datangi Pantai Gaza
"Penggalian Saluran Air di Penjaringan, Jakarta Utara Bukan Proyek Palyja"," Erlan menjelaskan proyek ini merupakan pembangunan jaringan distribusi pipa ke Rusun Penjaringan Tower 1 dan 2 Blok E, F, G di Jalan Tanjung Wangi/ Tanah Pasir",Uya Kuya Meninggal Dunia
"Benarkah pernyataan Calon Presiden Joko Widodo bahwa Pemerintah Indonesia telah menguasai sumber daya alam strategis seperti Blok Mahakam, Blok Rokan dan Freeport?"," Peralihan saham dinyatakan sah setelah adanya penandatanganan Sales and Purchase Agreement(SPA) antara Inalum, Freeport McMoRan Inc, dan PT Rio Tinto Indonesia",Parasit Hydra dalam vaksin Covid 19
BPJS Hentikan Meng-cover Biaya Pengobatan Kanker," Hanya saja, menurut Arief, memang tidak semua obat ditanggung untuk BPJS",KFC Bagikan Voucher Rayakan HUT ke 71
Berpose Foto Salam Dua Jari Memakai Rompi Bawaslu,"  dari ketiga orang yang difoto, dua orang bergaya salam dua jari",Pesan WhatsApp Bantuan BPJS Kesehatan Sebesar Rp75 Juta
"Benarkah pernyataan Calon Presiden Joko Widodo bahwa Pemerintah Indonesia telah menguasai sumber daya alam strategis seperti Blok Mahakam, Blok Rokan dan Freeport?", PT Chevron Pacific Indonesia mengelola Blok Rokan sejak tahun 1924 dan melakukan produksi pertama pada tahun 1952,Kedinkes Semarang Menyebar Undangan Rapat Kerja Peningkatan Kinerja Tenaga Kesehatan via WhatsApp
PAC PDIP Tenggilis Mejoyo Surabaya tangkap pelaku politik uang di Kendangsari, Kasus politik uang ini sudah dilaporkan ke Panwascam Tenggilis Mejoyo,"Bima Sakti di Atas Kuil Luxor, Mesir"
Benarkah selama puluhan tahun banyak perusahaan besar meninggalkan limbah dan tidak membayar pajak?,  18 trilyun jika ditambahkan dengan vonis denda dalam kasus pembalakan liar,Foto Wajah Semut di Bawah Mikroskop Elektron
Benarkah Polisi Menurunkan Bendera-bendera Peserta Piala Dunia 2018 di Kabupaten Sorong?," com, Polres Sorong membenarkan telah memerintahkan jajaran Polresta hingga Polsek untuk menurunkan bendera-bendera negara peserta Piala Dunia 2018 dari rumah warga",Akun Facebook Bupati Sintang Jarot Winarno
"The Guardian: ""'Saya merasa jijik': di dalam pabrik akun Twitter palsu di Indonesia""","""'Tim Buzzer' adalah bagian dari politik yang sedang berkembang, membantu memecah belah agama dan rasial"", selengkapnya di bagian REFERENSI",Berkumur dengan Air Rebusan Daun Jeruk Nipis dan Garam Solusi Sakit Gigi Seumur Hidup
"Jokowi : ""Indonesia adalah negara penduduk muslim terbesar""","Dalam laporan Pew Research, sebuah lembaga riset global, mencatat pada 2010 Indonesia memang menempati urutan teratas sebagai negara dengan populasi muslim terbesar di Dunia",Artikel Polisi Babak Belur Dihajar Masa
Klarifikasi Dinas Bina Marga DKI Jakarta Terkait Anggaran Rp56 Miliar Untuk Bangun 3 JPO," Tiga JPO yang menjadi prioritas di Jalan Sudirman, Yusmada menambahkan, ialah JPO Ratu Plaza, JPO Gelora Bung Karno, dan JPO Polda Metro Jaya",Link BBM Subsidi Pertamina
Video Pemotor yang Melintas di JLNT Casablanca Tak Ditilang Polisi Karena Punya Black Card, Yusuf mengatakan pemotor tersebut telah ditilang polisi di titik JLNT sebelumnya,Nomor Whatsapp dan Akun Blog Kepala BKN Bima Haria Wibisana
Klarifikasi Tokopedia Terkait Isu Kebocoran Data,  Ia mengungkapkan bahwa informasi pada situs yang mengaku memperjualbelikan data tak benar,Kurir Tetap Bekerja Meski Terpapar Covid-19
Kantor Staf Kepresidenan Mengklarifikasi Bahwa Tidak Ada Dokumen Penting Negara yang Hilang Pada Kasus Pencurian Terhadap Stafnya,"  Bagi KSP, hampir semua pekerjaan-pekerjaan itu justru kami umumkan",Program Mudik Sehat PSBB 2020 Oleh Big Bird
Jokowi: Kapal Nelayan di Bawah 10 GT Tidak Perlu Izin," ""Dalam setiap kesempatan dan kunjungan saya selalu ingatkan dan tegaskan bahwa aturan untuk kapal nelayan berukuran di bawah 10 GT bebas dari masalah perizinan, jadi bisa langsung melaut,"" kata Susi di hadapan mahasiswa dan civitas akademika Universitas Halu Oleo (UHO) Kendari, Sulawesi Tenggara (Sultra), Sabtu (16/9)",Lowongan Dinas Pendidikan Kota Bogor
"Pilkada Sleman, Sri: Merapi Siaga, Warga Rentan Sudah Diungsikan?","  Hingga Kamis (12/11/2020) malam, warga lereng Gunung Merapi yang mengungsi di barak pengungsian Balai Kalurahan Glagaharjo sudah mencapai 203 orang",KTP Bernama Selamat Idul Adha
Pertamina Tidak Bangkrut,Pihak PT Pertamina (Persero) memberikan tanggapannya atas isu yang menyatakan perusahaan tersebut akan bangkrut,Foto “SUDJIATMI DISIKSA DI ALAM BARZAKH”
Mahasiswa UnSri meninggal dunia setelah terjatuh dari lantai tiga apartemen Unsri," Terkait aksi demo pada tanggal 24 September 2019 di Palembang, Polisi dan BEM Universitas Sriwijaya (Unsri) sudah menyatakan bahwa tidak ada korban meninggal dunia dalam aksi demo tersebut",Video “Mike Tyson salat di kafe yang pemiliknya melarang orang muslim masuk ke kafenya”
Susu Kental Manis Tidak Cocok untuk Anak, 3) disetarakan dengan produk susu lain sebagai penambah atau pelengkap zat gizi,Judul Berita ITV tentang Efek Samping Vaksin yang Membuat Wajah Menjadi Merah
Informasi Pihak Kepolisian Akan Bubarkan Warga yang Salat Idul Adha di Jembatan Ampera," Direktur Direktorat Lalulintas Polda Sumsel Kombes Pol M Taslim Chairuddin, memastikan Sholat Idul Adha yang rencananya akan dilaksanakan di Masjid Agung Palembang dan sekitarnya akan tetap bisa dilaksanakan masyarakat Palembang",“negara SOMALIA pernah mencetak bentuk Mata uang Koin bergambar Wajah Pendiri NU Kyai Haji Hasyim Asyari”
4 Unicorn Indonesia yang Dibanggakan Jokowi,"Menteri Komunikasi dan Informatika, Rudiantara, menyebut Indonesia telah memiliki empat startup unicorn yang digadang akan naik level menjadi decacorn",Video Kapal Perang Rusia Moskva Meledak Akibat Serangan Rudal Ukraina
Benarkah pernyataan Calon Presiden Joko Widodo bahwa Indonesia kini berhasil menduduki tujuan wisata halal nomor satu di dunia?,"  Pada 2026, kontribusi sektor pariwisata halal diperkirakan melonjak sebesar 35% menjadi US$300 miliar terhadap perekonomian global, meningkat dari US$220 miliar di tahun 2020",Soimah Bagikan Rp 50 Juta Hanya Dengan Tebak Nama Kota di Facebook
Benarkah pernyataan Calon Presiden Joko Widodo bahwa Indonesia kini berhasil menduduki tujuan wisata halal nomor satu di dunia?," CEO Crescent Rating dan Halal Trip Fazal Bahardeen mengatakan Indonesia berhasil menduduki posisi teratas dalam indeks melalui serangkaian upaya yang telah dilakukan Kementerian Pariwisata Indonesia dalam berinvestasi di industri pariwisata dan perjalanan, serta pengembangan infrastruktur ramah wisatawan muslim",Hoaks Surat Pemanggilan Seleksi Pegawai Pertamina
Belum Ada Susunan Resmi Tim Kampanye/Pemenangan Pasangan Prabowo-Sandi Hingga Kini (21 Agustus 2018),"Atas beredarnya nama-nama yang diklaim akan menjadi bagian dari tim kampanye/pemenangan Pasangan Calon Presiden (Capres) dan Calon Wakil Presiden (Cawapres) Prabowo Subianto dan Sandiaga Salahuddin Uno, pihak Partai Pengusung pasangan tersebut memberikan klarifikasi", Muncul Awan Berbentuk Angka 2 Saat Pilkada Depok
Kementerian PUPR Beri Klarifikasi Perihal Isu Pengambilalihan Proyek Enam Ruas Tol di DKI Jakarta,"  Tol itu urusannya dari dulu BPJT dan PUPR, bukan dengan pemda,” kata Menteri Basuki",Lowongan Sukarelawan Covid-19 RSUD Dr. Soetomo Surabaya
"Rohani Sebut Pertumbuhan Ekonomi SBT Paling Rendah di Maluku, Akademisi Buka Data 2015-2019"," Dia menjelaskan, ada beberapa faktor penyumbang pertumbuhan ekonomi kabupaten SBT sehingga mengalami situasi seperti saat ini, diantaranya tingkat konsumsi yang menurun",“Lagu “corona” dr Bimbo.. lagu 30 tahun yang lalu jadi kenyataan sekarang”
Belum Ada Susunan Resmi Tim Kampanye/Pemenangan Pasangan Prabowo-Sandi Hingga Kini (21 Agustus 2018),"  “Kita dari DPP belum pernah merilis tentang tim pemenangan, saya mau koreksi","“Para TKA Cina itu Akhirnya Akan Bisa Membuat Dokumen Apapun dari Barak, Mess atau Apartemennya”"
Video Pemotor yang Melintas di JLNT Casablanca Tak Ditilang Polisi Karena Punya Black Card, Yusuf menegaskan tak ada pemotor yang mendapatkan perlakuan khusus,Devils Tower di Wyoming Amerika Serikat Adalah Pohon Purba
Prabowo Sebut Pembangunan Era Jokowi Tak Efisien," =============Prabowo Sebut Membayar Utang Itu Jadi Beban EkonomiCalon Presiden (Capres) Prabowo Subianto mengaku memiliki strategi dalam pembangunan infrastruktur, jika terpilih menjadi presiden",Akun WhatsApp Kapolres Muaro Jambi bernomor “081253469551”
"Surat Suara Ditemukan Sudah Tercoblos di TPS Malaka, Begini Faktanya",  Hal tersebut berdasarkan dari pernyataan Ketua Badan Pengawas Pemilu (Bawaslu) Lombok Utara Adi Hermanto yang membenarkan bahwa adanya laporan surat suara yang telah tercoblos di TPS Malaka,Akun Facebook Ketua KPU RI “Arief Budiman”
Lahan Hutan Prabowo Ratusan Ribu Hektare,Prabowo di akhir debat mengakui soal kepemilikan lahan ini,Judi Casino Halal di Arab Saudi
Kementerian PUPR Beri Klarifikasi Perihal Isu Pengambilalihan Proyek Enam Ruas Tol di DKI Jakarta,Kementerian Pekerjaan Umum dan Perumahan Rakyat (PUPR) memberikan klarifikasi atas kabar yang menyebutkan telah mengambilalih proyek enam ruas tol di DKI Jakarta,Musisi Armand Maulana Meninggal Dunia pada Kamis 11 Februari 2021
Benarkah pernyataan Calon Presiden Joko Widodo bahwa Indonesia kini berhasil menduduki tujuan wisata halal nomor satu di dunia?," Laporan GMTI 2019 menunjukkan bahwa tahun ini Singapura terus mempertahankan posisinya sebagai destinasi wisata halal ramah muslim teratas di kalangan negara-negara non-OKI diikuti Thailand, Inggris, Jepang, dan Taiwan",Kangkung yang Mematikan dan Membawa Malapetaka
Klarifikasi Tokopedia Terkait Isu Kebocoran Data,"  “Informasi publik tersebut akan dinonaktifkan demi mencegah penyalahgunaan data,” jelas Nuraini",Foto Ikan Hiu Lompat dari Laut
Klarifikasi Temuan Tim Investigasi Unnes Terkait Dugaan Plagiarisme Rektor Unnes,"  “Dari hasil penyelidikan, diketahui bahwa Fathur Rokhman tidak melakukan plagiat",Bantuan Uang Rp80 Juta dari Dinas KUKM Babel Melalui Telepon
"Pilkada Sleman, DWS: Hampir Setengah APBD buat Belanja Pegawai?"," 523,70, sedangkan anggaran belanja pegawai yang termasuk belanja langsung sebesar Rp225",SKEMA KEANGGOTAAN PLATFORM DIGITAL OLEH BANK INDONESIA
Klarifikasi Tokopedia Terkait Isu Kebocoran Data," Tak hanya itu, Nuraini juga mengatakan, Tokopedia tidak pernah menjual data pelanggan kepada pihak manapun",“CHINA Baru Saja Bangun Rumah Sakit 57 Lantai”
FPI Tidak Menyebarkan Spanduk Habib Rizieq Dukung Khilafah," Menurut Novel, pemasangan spanduk tersebut merupakan ulah oknum-oknum yang ingin memfitnah HRS dan FPI",“Kejadian di Hotel Gutian Street Wuhan”
Klarifikasi Tokopedia Terkait Isu Kebocoran Data,"Menanggapi isu telah terjadi kebocoran data di Tokopedia, Vice President of Corporate Communications Tokopedia, Nuraini Razak memberikan klarifikasinya","“Gunakan Bagian Putih Masker Di Luar Saat Tidak Sakit, Gunakan Bagian Biru Masker Di Luar Saat Sakit”"
Benarkah selama puluhan tahun banyak perusahaan besar meninggalkan limbah dan tidak membayar pajak?,"  Artinya ada potensi sebesar Rp 21,87 triliun potensi pajak yang hilang",“Wapres Amerika Mike Pence meminta umat Islam yang menuntut hukum syariah meninggalkan Amerika”
Benarkah pemerintahan Presiden Jokowi sudah memperkuat pertahanan dan keamanan di luar kawasan Pulau Jawa?,  Adapun pergantian nama satuan TNI yaitu Komando Armada RI Wilayah Barat (Koarmabar) menjadi Koarmada-I dan Komando Armada RI Wilayah Timur (Koarmatim) menjadi Koarmada-II,Rakyat Italia Buang Duit ke Jalan karena Sudah Tidak Berguna Akibat Virus COVID-19
"""Guru TK di Malaysia yang Terekam Aniaya Muridnya Ditangkap""","""Senin (13/8), kedua guru tersebut saat ini sudah ditahan oleh pihak kepolisian setempat untuk penyelidikan lebih lanjut",Kangkung yang Mematikan dan Membawa Malapetaka
"Pilkada Sleman, DWS: Hampir Setengah APBD buat Belanja Pegawai?",  Total belanja daerah itu dibagi menjadi dua: belanja tidak langsung dan belanja langsung,Kangkung yang Mematikan dan Membawa Malapetaka
Prabowo Sebut Pembangunan Era Jokowi Tak Efisien," Jokowi langsung membantah ucapan Prabowo, dan menyatakan sudah melakukan studi yang tepat",Tanaman Berbuah Telur Ayam
"Benarkah pernyataan Calon Presiden Joko Widodo bahwa Pemerintah Indonesia telah menguasai sumber daya alam strategis seperti Blok Mahakam, Blok Rokan dan Freeport?","PT Pertamina (Persero) mulai Senin, 1 Januari 2018, secara resmi mengelola Blok Mahakam di Kalimantan Timur",Dokter Italia Temukan Penyebab Covid-19 dari Bakteri Terpapar 5G
Prabowo Sebut Pembangunan Era Jokowi Tak Efisien," Lalu, ada pula laporan Bank Dunia yang lebih baru berjudul Indonesia Infrastructure Sector Assessment Program (InfraSAP) yang disebut ""mengkritik"" kualitas infrastruktur Indonesia",GEJALA DEMENSIA TIDAK BISA MELIHAT LINGKARAN PADA GAMBAR
Mahasiswa UnSri meninggal dunia setelah terjatuh dari lantai tiga apartemen Unsri,"Irfan Maulana Amrullah salah satu mahasiswa Universitas Sriwijaya (Unsri) asal Provinsi Jambi, jatuh dari lantai 3 Apartemen Putra Mahasiswa Unsri di Kompleks Apartemen Kampus Unsri Indralaya, Sabtu (14/9/19) siang",Uang Pecahan Rp 200 Ribu Resmi Diluncurkan
Mahasiswa UnSri meninggal dunia setelah terjatuh dari lantai tiga apartemen Unsri," Jenazah dimandikan dan disalatkan di rumah sakit, dan dikabarkan akan dibawa dengan ambulans ke rumah duka di Sungai Duren, Jambi",Akun Telegram PT Monex Investindo Futures
"Benarkah pernyataan Calon Presiden Joko Widodo bahwa Pemerintah Indonesia telah menguasai sumber daya alam strategis seperti Blok Mahakam, Blok Rokan dan Freeport?",  Wilayah kerja Mahakam tersebut akan dikelola oleh Pertamina Hulu Mahakam yang merupakan cucu perusahaan Pertamina,Loker Kasir dan Barista Starbucks
Amien Rais menyebut 74 persen tanah di Indonesia dikuasai segelintir orang.,"  Selain itu, riset Megawati Institute juga menunjukkan perkembangan Rasio Gini Lahan atau ketimpangan kepemilikan lahan di Indonesia pada 1973 sampai 2013",Pesan Berantai Larangan ke Kota Malang Akibat Covid-19
Lahan Hutan Prabowo Ratusan Ribu Hektare,  PT Belantara Pusaka (kehutanan & perkebunan)4,Video Penduduk Aborigin di Australia Menyambut Pemerintah dengan Busur dan Panah sebagai Bentuk Penolakan Vaksin Covid-19
Benarkah pemerintahan Presiden Jokowi sudah memperkuat pertahanan dan keamanan di luar kawasan Pulau Jawa?," Panglima TNI Marsekal Hadi Tjahjanto, Hadi menerangkan peresmian Satuan TNI Terintegrasi Natuna ini merupakan langkah finalisasi, salah satu program perencanaan strategis (renstra) jangka menengah untuk membangun kekuatan TNI yang diharapkan mampu memberikan daya tangkal (detterence effect) terhadap ancaman khususnya di perbatasan","Akun WhatsApp Pj Bupati Bireuen, Aulia Sofyan +62 81232722952"
Klarifikasi Temuan Tim Investigasi Unnes Terkait Dugaan Plagiarisme Rektor Unnes," com, Ketua tim investigasi Unnes, Prof","Pernyataan IDI tentang Daftar Minuman yang Menyebabkan Pengerasan Otak, Diabetes, dan Pengerasan Sumsum Tulang Belakang"
Ridwan Kamil Bantah Artikel “Ridwan Kamil: Di jawa Barat Kita Akan Mendata Siapa Saja Yang Tidak Mendukung Jokowi!!”,Artikel ini dibantah oleh Ridwan Kamil melalui akun facebook terverifikasi miliknya,"Mengonsumsi Pisang Dalam Sehari, Membuat Virus Corona Pergi"
Prabowo Sebut Pembangunan Era Jokowi Tak Efisien,"  Itu dimulai disiapkan pertengahan 2017,"" ujar Lestari Boediono, Senior Communication Officer Bank Dunia Indonesia saat dihubungi Liputan6",Pesan WhatsApp Giveaway dari TRANS7
Klarifikasi Tokopedia Terkait Isu Kebocoran Data," Nuraini menambahkan, bisnis Tokopedia berbasis pada reputasi dan kepercayaan",Gus Sholah Mendukung Prabowo
KH Asep Saifuddin Chalim Bantah Sebut Orang yang Menyarankan Memilih Gus Ipul Telah Berkhianat,"Pengasuh Pondok Pesantren (PP) Amanatul Ummah, Kecamatan Pacet, Kabupaten Mojokerto, KH Asep Saifuddin Chalim langsung menanggapi terkait quotes bergambar dirinya yang menyebutkan jika kyai sepuh mendukung Gus Ipul-Mbak Puti penghianat Allah dan rosul",Akun Facebook Bupati Purbalingga Meminta Uang dan Pulsa
Rio Rizki Bukan Peraih Medali Emas Termuda Di ASIAN Games 2018,  Fakta tanggal lahir sebenarnya dari Rio Rizki Darmawan ialah 27 November 1998,“Ditemukan sudah jadi es batu”
Benarkah pernyataan Calon Presiden Joko Widodo bahwa Indonesia kini berhasil menduduki tujuan wisata halal nomor satu di dunia?," ""Laporan ini menganalisa kesehatan dan pertumbuhan berbagai destinasi wisata ramah muslim berdasarkan 4 kriteria strategis yakni akses, komunikasi, lingkungan, dan layanan,"" katanya",Vaksin Covid-19 Buatan Pfizer Berbentuk Vape
"Jokowi : ""Indonesia adalah negara penduduk muslim terbesar""",  Jumlah penduduk yang besar ini sering juga menjadi kebanggaan termasuk Presiden Jokowi,Foto “Lagi lagi corona tka cina makasih banyak yang datang ke Indonesia trs bawa amunisi”
"Rohani Sebut Pertumbuhan Ekonomi SBT Paling Rendah di Maluku, Akademisi Buka Data 2015-2019",  Pertumbuhan ekonomi sejak tahun 2015 sampai saat ini pun terus melamban,Infomasi Biaya Denda Tilang Selama Operasi Zebra Semeru 2020
" Benar, Cabup Barru Malkan Amin Meninggal Dunia di RSUP Wahidin Sudirohusodo"," Meninggalnya Malkan Amin terkonfimasi melalui surat keterangan kematian yang dikeluarkan RSUP Wahidin Sudirohusodo, nomor rekam medik 720592, atas nama HM Malkan Amin, dengan tanggal lahir 11 Agustus 1948",Gambar Presiden Jokowi “Kalian Siap saya pimpin Tiga Periode”
Pertamina Bantah Mengurangi Kuota BBM Bersubsidi Di Wilayah Solo Raya dan DI Yogyakarta,"  Sebab, Andar menambahkan, kuota solar bersubsidi sudah ditetapkan oleh Pemerintah Pusat melalui Perpres Nomor 191 Tahun 2014","Foto “mesjid meledak saat sholat subuh, Sebanyak 50 Jamaah Meninggal Dunia”"
Susu Kental Manis Tidak Cocok untuk Anak,   Pengiklan juga dilarang menggunakan visualisasi bahwa produk susu kental dan analognya (kategori pangan 01,Video Penampakan Robot Perang Buatan Militer Amerika Serikat
"Penggalian Saluran Air di Penjaringan, Jakarta Utara Bukan Proyek Palyja", “Palyja tidak terlibat baik dalam hal pengerjaan maupun pengawasan proyek pipa Rusun Penjaringan ini,Video “Seorang Pria Di Inggris Yang Membenci Islam Memecahkan Kaca Jendela Masjid”
Benarkah selama puluhan tahun banyak perusahaan besar meninggalkan limbah dan tidak membayar pajak?," Dalam berbagai kasus dugaan pembakaran hutan antara tahun 2009 hingga 2012, perusahaan sawit Kallista Alam mengajukan banding terhadap hukuman denda senilai Rp",Uskup Katolik Jabodetabek Deklarasi Dukung Anies Baswedan Jadi Presiden
"Rohani Sebut Pertumbuhan Ekonomi SBT Paling Rendah di Maluku, Akademisi Buka Data 2015-2019"," Ditempat terpisah, Ketua Jurusan Ekonomi Pembangunan Universitas Pattimura Ambon Tedy Leasiwal mengaku, sesuai data penilitian terbaru tahun 2019, SBT memang berada dalam katagori daerah tertinggal",Kangkung yang Mematikan dan Membawa Malapetaka
Dinkes Aceh Membantah Atas Isu Pelajar Lumpuh Setelah Vaksin MR,"Atas kasus kaki seorang pelajar dari Kabupaten Pidie, Aceh, TM Helmi Sultansyah, tak dapat digerakkan setelah menerima imunisasi measles rubella (MR), pihak Dinas Kesehatan (Dinkes) Pemerintah Provinsi Aceh pun memberikan klarifikasi","Pesan WhatsApp Bupati Purwakarta, Anne Ratna Mustika Memberi Sumbangan"
FPI Tidak Menyebarkan Spanduk Habib Rizieq Dukung Khilafah, Dalam spanduk yang mencatut logo FPI dan gambar HRS tersebut tertulis ‘Indahnya Bersatu Dalam Naungan KHILAFAH ISLAMIYAH,JOKOWI BERHASIL CORET ISRAEL DARI PIALA DUNIA
"Benarkah pernyataan Calon Presiden Joko Widodo bahwa Pemerintah Indonesia telah menguasai sumber daya alam strategis seperti Blok Mahakam, Blok Rokan dan Freeport?", Blok Mahakam sebelumnya dikelola oleh Total E&P Indonesie (TEPI) dan INPEX Corporation,Akun Twitter Bill Gates Berkomentar Kasar Terkait Reuni 212
" Benar, Cabup Barru Malkan Amin Meninggal Dunia di RSUP Wahidin Sudirohusodo","  “Iya, beliau (Malkan Amin) wafat sekitar pukul 11",Pesan Berantai “Akhirnya p.Dhe hilang kesabarannya. Ucapan bajingan tolol memang keterlaluan”
Susu Kental Manis Tidak Cocok untuk Anak,"  Padahal, kebutuhan yang diharapkan dari susu, terutama bagi anak-anak, tak bisa didapat dari produk SKM",Giveaway Soimah 2 juta untuk 350 orang
Informasi Pihak Kepolisian Akan Bubarkan Warga yang Salat Idul Adha di Jembatan Ampera," ""Kami sudah berkoordinasi dengan panitia, agar lebih teratur panitia meminta bantuan kepada kami untuk melakukan pengaturan mulai dari parkir kendaraan, pengamanan dan juga saat pelaksanaan sholat Idul Adha,"" ujar Kombes Pol M Taslim Chairuddin, Senin (20/8/2018)",“Bulan Purnama tanggal 31 Oktober 2020 akan di tutup dengan Bulan Purnama yang di sebut Blue Moon..”
Pertamina Bantah Mengurangi Kuota BBM Bersubsidi Di Wilayah Solo Raya dan DI Yogyakarta,  Pertamina memberikan klarifikasi atas isu kelangkaan Bahan Bakar Minyak (BBM) yang terjadi di wilayah Solo Raya dan Daerah Istimewa (DI) Yogyakarta,Seorang Ibu Lahirkan 18 Bayi Kembar
