sent0,sent1
Pengendara Motor Tertabrak Kereta Api di Sidoarjo," Video tersebut diberi keterangan tempat di Candi, Sidoarjo pada Senin, 3 April 2023"
Mobil Terbakar di Ketintang Barat, Video tersebut diunggah oleh akun Surabaya TV pada 16 Juni 2023 dengan keterangan ‘Mobil Terbakar di Ketintang Barat’
PEMERINTAH SEDANG GODOK REVISI UU NO 13/2003 TENTANG RENCANA PENGHAPUSAN PESANGON.,"[KLARIFIKASI FAKTA]Adanya aduan dari warginet yang menanyakan perihal ""Revisi UU no13/2003 Tentang Rencana Penghapusan Pesangon""Setelah kami melakukan penelusuran informasi tersebut adalah BENAR akan adanya rencana revisi UU nomor 13 tahun 2003 tentang ketenagakerjaan, salah satunya menghapus pesangon bagi pekerja yang di PHK dan pensiun"
Penemuan 3 Mayat di Pantai Lampung," Informasi tersebut beredar di TikTok dan diunggah pada 10 September 2023 dengan keterangan ‘Laut Lampung itu indah, sebelum akhirnya dibuat trauma setelah ditemukannya 3 mayat dengan kondisi yang sama tanpa kepala, tanpa telapak tangan dan tanpa telapak kaki di 3 pantai yang berbeda’"
Mobil Listrik BMW IX dapat Berubah Warna dalam Sekejap, Tampak mobil yang berwarna hitam dapat berubah warna menjadi putih
Korupsi di Bank Jatim," Cash Opname adalah pemeriksaan kas secara fisik, berupa uang logam dan kertas serta membandingkan jumlah antara catatan akuntansi kas dengan uang kas yang dipegang saat ini, baik di dalam brankas atau yang ada di tangan"
Bek Timnas Sepakbola Thailand Buang Medali Perak ke Penonton,"tentang bek Timnas Thailand yang membuang medali perak usai kalah dari Indonesia di Partai Final Sea Games 2023 pada Selasa, 16 Mei 2023"
Gubernur Khofifah Ajukan Pengangkatan 6.141 Guru Honorer Lolos Passing Grade Jadi PPPK di tahun 2023, Pengajuan tersebut dimaksudkan agar seluruh Guru yang telah lolos passing grade di 2021 bisa terangkat sebagai PPPK pada 2023
Pemotongan Hukuman Ferdy Sambo dan Putri Chandrawati," Kabar tersebut ditulis oleh Teras Muda Cianjur dan disebarkan di media sosial twitter pada 9 Agustus 2023 dengan keterangan ‘Ferdy Sambo tidak jadi dihukum mati, hukuman Putri Chandrawati disunat jadi 10 tahun’"
Klarifikasi Ridwan Kamil Terkait Foto 'Bowo',"Hari Minggu kemarin, Ridwan Kamil melalui akun instagramnya @ridwankamil memposting sebuah gambar berisi capture dari akun @kazastraxx yang memnampilkan seorang anak yang sedang berfoto dengan dirinya dan dengan caption ; ""Foto Sama Pak Ridwan Aja Gratis, Masa Sama Bowo Bayar 80k"
Video Gerai Gacoan Didatangi Beberapa Pria Bergamis,Beredar video di TikTok menampilkan beberapa pria bergamis sedang berdiri dan mengangkat kedua tangan di gerai Mie Gacoan
Klarifikasi Dinas Bina Marga DKI Jakarta Terkait Anggaran Rp56 Miliar Untuk Bangun 3 JPO," “Angka Rp56 miliar itu kalau bangun baru yang membentang 68 meter lebar 3 meter, dengan JPO yang wah begitu,” kata Yusmada"
"Negara Habiskan Biaya 1,2 Miliar Rupiah untuk Padamkan Bromo","000, 00 yang sudah dihabiskan negara"
SEORANG BOCAH 7 TAHUN WARGA KUNINGAN BERJUANG KE SEKOLAH TURUN NAIK BUKIT SEORANG…,informasi Seorang Bocah 7 Tahun Warga Kuningan Berjuang Ke Sekolah Turun Naik Bukit Seorang Diri
Timnas Indonesia U20 Dapat Beasiswa Kuliah Hingga S2 Di UNESA,Beredar sebuah kabar yang menyatakan Timnas Indonesia U20 mendapat beasiswa kuliah hingga S2 di Universitas Negeri Surabaya (UNESA)
Klarifikasi Dinas Bina Marga DKI Jakarta Terkait Anggaran Rp56 Miliar Untuk Bangun 3 JPO,"com, Kepala Dinas Bina Marga DKI Jakarta Yusmada Faizal menjelaskan, anggaran Rp56 miliar untuk pembangunan tiga JPO di Jalan Jenderal Sudirman-MH Thamrin belum merupakan angka final dan angka tersebut merupakan asumsi untuk pembangunan JPO baru"
3 Hari Berturut-turut Pemakaman Covid-19 di Malang,"  Melansir Detik Jatim, terdapat 3 pemakaman yang ditangani dengan protokol kesehatan Covid-19 pada 6 April hingga 8 April 2023"
LARANGAN KEPALA SEKOLAH REKRUT GURU HONORER, Kebetulan di whatsapp grup ada teman yang menshare link ini tentang mendikbud yang melarang sekolah untuk mengangkat guru honorer
SURAT KEMENTERIAN KEUANGAN TENTANG HAL PERCEPATAN PENYUSUNAN PP PEMBERIAN THR TAHUN…,Terkait perihal kebenaran surat yang dibuat oleh Kementerian Keuangan tentang hal Percepatan Penyusunan PP Pemberian THR Tahun 2019 dan Gaji ke-13 untuk PNS
Dusun Wotawati Jogja “Terlambat” terkena Sinar Matahari, Disebutkan bahwa Dusun yang bernama Wotawati itu terkena sinar Matahari sekitar pukul 08
Ketum PEPES Bantah Emak-emak Ditangkap di Karawang Anggotanya,"Juru bicara BPN, Ferdinand Hutahaean mengatakan para emak-emak itu tergabung dalam relawan Pepes"
PENERIMA VAKSIN YANG MENOLAK VAKSINASI COVID-19 DAPAT DIKENAKAN SANKSI PENUNDAAN…,"PENERIMA VAKSIN YANG MENOLAK VAKSINASI COVID-19 DAPAT DIKENAKAN SANKSI PENUNDAAN PEMBERIAN JAMINAN SOSIAL ATAU BANSOSBeredar kabar, penerima vaksin yang menolak vaksinasi Covid-19 dapat dikenakan sanksi berupa penundaan atau penghentian pemberian jaminan sosial atau bantuan sosial"
Sandiaga: Rahman Pengusaha Muda Asal Sidrap Mampu Ciptakan Lapangan Kerja,"Namun pertanyaan tersebut ditanggapi Cawapres nomor urut 02, Sandiaga Uno dengan menceritakan kisah Rahman pemuda millenial asal Sidrap yang menjadi pengusaha beras yang mampu menciptakan lapangan kerja bukan pencari kerja"
Bus Kecelakaan hingga Masuk Jurang di Tegal Jawa Tengah,"Beredar video yang memuat infromasi tentang bus pariwisata yang masuk ke jurang di Guci, Tegal, jawa Tengah oleh akun sukabumiupdate"
Guru di Bekasi Dipecat Lewat Pesan Grup Whatsapp Gara-Gara Beda Pilihan di Pilkada Jabar,Akun atas nama Andriyanto Putra Valora itu memosting kabar pemecatan istrinya sebagai guru di sekolah swasta
Prabowo Sebut Kekayaan RI Banyak Berada di Luar Negeri, Kita akan menjaga pundi-pundi bangsa Indonesia supaya kekayaan kita tidak mengalir ke luar negeri
Cuti Bersama 28 dan 30,pemerintah telah menetapkan cuti bersama Idul Adha 2023 pada 28 dan 30 Juni 2023
Penemuan Mayat di Benteng Peluru Kedung Cowek Surabaya," Video yang diunggah oleh @fikarwahid merupakan screenshoot dari akun ini_surabaya yang memuat narasi penemuan sosok mayat pada Minggu, 07 Mei 2023 sekitar pukul 22"
KAI Tuntut Pihak Truk yang Tertabrak KA Brantas, Kereta Api Indonesia akan tuntut Pihak Perusahaan Truk yang menjadi penyebab kecelakaan Kereta Api Brantas di Semarang
"Pilkada Sleman, Sri: Merapi Siaga, Warga Rentan Sudah Diungsikan?","""Untuk masyarakat yang rawan, yaitu lansia, anak-anak, ibu hamil, ibu menyusui, balita, sudah kita ungsikan ke barak pengungsian"
Bendera Indonesia Terbalik di Acara Sea Games," Cuitan twitter yang diunggah pada Jumat, 5 Mei 2023 menuliskan “Kembali bendera Indonesia terbalik di acara Sea Games"
"KEMENTERIAN LHK BAGIKAN BIBIT TANAMAN SECARA CUMA-CUMA, DENGAN SYARAT TIDAK DIPERJUAL…"," Dalam informasi yang viral di platform percakapan WhatsApp itu disebutkan, jika masyarakat bisa mendapatkan bibit pohon dan buah secara cuma-cuma dengan syarat tidak diperjual belikan kembali"
Jokowi: Kapal Nelayan di Bawah 10 GT Tidak Perlu Izin,"""Untuk perizinan, nelayan-nelayan kecil yang punya 10 GT ke bawah tidak pakai izin lagi"
Penemuan 3 Mayat di Pantai Lampung,"terdapat penemuan 3 mayat dengan kondisi yang sama tanpa kepala, tanpa telapak tangan dan telapak kaki di tiga pantai berbeda daerah Lampung"
KH Asep Saifuddin Chalim Bantah Sebut Orang yang Menyarankan Memilih Gus Ipul Telah Berkhianat," Pesan tersebut disampaikan oleh KH Asef Saifuddin Chalim, Pengasuh PP Amanatul Ummat, Pacet, Mojokerto"
Puncak Jam Menara Makkah Tersambar Petir,"puncak menara Jam Makkah tersambar petir, unggahan tersebut menuai banyak atensi dari warganet"
PROGRAM PEMBAGIAN SUPLEMEN GRATIS DARI UST. ADI HIDAYAT BAGI YANG POSITIF COVID-19…,PROGRAM PEMBAGIAN SUPLEMEN GRATIS DARI UST
"Surat Suara Ditemukan Sudah Tercoblos di TPS Malaka, Begini Faktanya","Beredarnya surat suara yang telah tercoblos di TPS 05 Malaka, Dusun Malimbu, Kecamatan Pemenang, Kabupaten Lombok Utara pada pemilihan Calon Bupati dan Wakil Bupati KLU 2020, Rabu (9/12), cukup menggemparkan khalayak publik"
Air Rebusan Mie Instan dapat Suburkan Tanaman, Penulis tampak menuangkan air rebusan tersebut ke tanaman hidroponik
Desainer Grafis Meninggal Dunia Akibat Begadang dan Minum Kopi,adanya desainer grafis yang meninggal dunia akibat begadang dan meminum kopi
"""Pare Tidak Serta-merta Bisa Menyembuhkan Kanker""",sudah di buktikan dapat menolong pelbagai macam kanker
"""Guru TK di Malaysia yang Terekam Aniaya Muridnya Ditangkap""","""Hati-Hati Kalau Memilih TK Buat Anak-Anak Kita"
Tes Dehidrasi dengan Cubit Kulit, Dalam video memperlihatkan tes dehidrasi dengan mencubit kulit punggung jari tangan
Bahaya Menaruh Batu Diatas Rel,menaruh koin diatas rel kereta api dapat bahayakan perjalanan Kereta Api
Korupsi di Bank Jatim, Kabar tersebut diunggah oleh akun TikTok Beritakorupsi
Lokomotif Kereta Api Pandalungan Anjlok,lokomotif Kereta Api Pandalungan anjlok di Dekat Stasiun Tanggulangin Sidoarjo
Benarkah pemerintahan Presiden Jokowi sudah memperkuat pertahanan dan keamanan di luar kawasan Pulau Jawa?,"“Ini sudah proses pembangunan dan segera akan jadi, saya juga telah memerintahkan untuk gelar pasukan di empat titik penting gelar pasukan terintegrasi yaitu di Natuna sebelah barat, kemudian di Morotai sebelah timur kemudian di Saumlaki, dekat Masela itu, di sebelah selatan dan kemudian di Biak,” kata Jokowi dalam debat capres putaran keempat, 30 Maret 2019 di Hotel Shangrilla, Jakarta"
Siswi di Gresik Alami Bully Ditusuk pada Bagian Mata,adanya siswi Sekolah Dasar yang alami Bullying oleh Kakak Kelasnya
KH Asep Saifuddin Chalim Bantah Sebut Orang yang Menyarankan Memilih Gus Ipul Telah Berkhianat,"Beredar quotes bergambar dari pengasuh Pondok Pesantren (PP) Amanatul Ummah, Kecamatan Pacet, Kabupaten Mojokerto, KH Asep Saifuddin Chalim terkait pemilihan Calon Gubenur Jawa Timur di Whatsapp (WA)"
Benarkah pemerintahan Presiden Jokowi sudah memperkuat pertahanan dan keamanan di luar kawasan Pulau Jawa?," Pembangunan itu di antaranya divisi tiga Kostrad di Goa, kemudian Komando Angkatan Udara di Biak, dan armada tiga Angkatan Laut di Sorong ini"
"CADANGAN BBM HANYA 12 HARI, SIAP-SIAP LANGKA","menanyakan kebenaran berita yang beredar di media online mengenai Cadangan BBM Indonesia hanya 12 Hari, siap-siap akan mengalama kelangkaan, setelah tim   melakukan penelusuran kabar tersebut BENAR"
Bentrok Antar Perguruan Silat di Lamongan, Informasi tersebut disebarkan oleh akun Seputar Lamongan
Susu Kental Manis Tidak Cocok untuk Anak," Biasanya, isi iklan menampilkan anak-anak yang tengah meminum susu di sela-sela aktivitasnya"
"WASPADA, BMKG SEBUT 3 HARI KEDEPAN TERJADI PENINGKATAN KECEPATAN ANGIN DI CIAYUMAJAKUNING","menanyakan kebenaran informasi yang beredar di group whatsapp “Waspada, BMKG Sebut 3 Hari Kedepan Terjadi Peningkatan Kecepatan Angin Di Ciayumajakuning”"
"GATOT NURMANTYO TAK TAKUT DI BILANG PROVOKATOR, PANCASILA AKAN DIGANTI KOMUNIS","informasi JENDERAL (Purn) Gatot Nurmantyo  mengaku tidak takut dibilang melakukan provokator, Pancasila akan diganti komunis"
"Surat Suara Ditemukan Sudah Tercoblos di TPS Malaka, Begini Faktanya"," Foto surat suara tersebut juga telah dibagikan ke beberapa grup, seperti grup Gerakan Ganti Bupati 2020"
TERDAKWA SUAP KASUS MEIKARTA SEBUT NAMA RIDWAN KAMIL,"menerima aduan yang menanyakan informasi yang beredar di media daring, tentang disebutnya nama Gubernur Jawa Barat Ridwan Kamil dalam persidangan kasus Meikarta"
Gubernur Khofifah Ajukan Pengangkatan 6.141 Guru Honorer Lolos Passing Grade Jadi PPPK di tahun 2023,"id/berita/gubernur-khofifah-ajukan-pengangkatan-6-141-guru-honorer-lolos-passing-grade-jadi-pppk, kami menyatakan hal tersebut fakta atau benar adanya"
Paus Terdampar di Surabaya,seekor Paus berwarna putih mengapung di perairan
GUBERNUR ACEH SEBUT TAK ADA HUKUM CAMBUK UNTUK KORUPSI,"Tim Jabar Saber Hoaks, menerima aduan yang menanyakan kebenaran dari informasi menyebutkan Gubernur Aceh Sebut tidak ada hukum cambuk untuk korupsi"
Buaya Muncul di Pantai Anyer,suasana pantai dengan ombak berbuih
4 Unicorn Indonesia yang Dibanggakan Jokowi,Calon presiden nomor urut 01 Joko Widodo menyebut Indonesia memiliki 4 startup unicorn dari 7 unicorn yang ada di Asia Tenggara
Benarkah pernyataan Calon Presiden Joko Widodo bahwa Indonesia kini berhasil menduduki tujuan wisata halal nomor satu di dunia?,"Calon presiden nomor urut 01, Joko Widodo mengklaim bahwa Indonesia kini berhasil menduduki tujuan wisata halal nomor 1 di dunia"
Gelatin Babi pada Beberapa Jenis Makanan,Beredar video yang tersebar di WhatsApp mengenai gelatin babi pada makanan
SEMANGKA YANG DIMASUKAN DALAM KULKAS BISA SEBABKAN USUS MEMBUSUK,"informasi Semangka yang Dimasukan Dalam Kulkas Bisa Sebabkan Usus Membusuk setelah di telusuri informasi tersebut BENAR sebagaimana di muat dalam Liputan 6, dan dan Food Detik"
Aspal Pecah di Surabaya, Video yang diunggah juga menampilkan kondisi terkini jalan pasca kejadian
Anggota Karang Taruna Meninggal Dunia Usai Tertembak Oknum Polisi,adanya anggota Karangtaruna berinisial A yang tertembak oleh oknum polisi yang diunggah oleh akun Merapi Uncover
Mobil Terbakar di Ketintang Barat,sebuah mobil merah mengeluarkan asap di depan minimarket
Bus Listrik Surabaya Mangkrak,mangkraknya angkutan umum berupa bus listrik di Surabaya
Pelatih Silat Vietnam Nantang Baku Hantam Pelatih Asal Indonesia, Dalam keterangan video yang diunggah oleh akun Twitter @Heraloebss pada 12 Mei 2023 menyebutkan bahwa pelatih Silat Vitenam menantang baku hantam pelatih asal Indonesia saat SEA Games 2023 di Kamboja
"BANTAH GAJINYA BESAR, DIRUT BPJS SEBUT GAJINYA RP 150 JUTA PERBULAN",mengenai Dirut BPJS membantah Gajinya besar dan menyebut Gajinya Rp 150 Juta perbulan
Benarkah Polisi Menurunkan Bendera-bendera Peserta Piala Dunia 2018 di Kabupaten Sorong?, Polresta Kota Sorong turunkan sejumlah bendera Kontestan Piala Dunia 2018
" Benar, Cabup Barru Malkan Amin Meninggal Dunia di RSUP Wahidin Sudirohusodo","Media sosial dan chat whatsapp diramaikan dengan kabar meninggalnya calon bupati Kabupaten Barru, HM Malkan Amin pada hari pemilihan serentak hari ini, Rabu 9 Desember 2020"
"""Pare Tidak Serta-merta Bisa Menyembuhkan Kanker""",Air panas ekstrak pare akan berpengaruh terhadap kista dan tumor
"CORONA MELANDA, BEBERAPA DISPENDA KOTA/KABUPATEN BERIKAN INSENTIF TAGIHAN PBB","CORONA MELANDA, BEBERAPA DISPENDA KOTA/KABUPATEN BERIKAN INSENTIF TAGIHAN PBB"
Bayi di Gresik Meninggal Dunia Usai Dengar Ledakan Petasan," Dalam video ini Whatnow Media menuliskan, bayi tersebut mengalami pecah pembuluh otak karena kaget atau benturan"
Ketum PEPES Bantah Emak-emak Ditangkap di Karawang Anggotanya,"Sebelumnya, Badan Pemenangan Nasional (BPN) Prabowo Subianto-Sandiaga Uno menyatakan sejumlah emak-emak di Karawang, Jawa Barat, yang berkampanye tentang ‘azan dilarang dan diperbolehkannya nikah sejenis jika Jokowi menang’ merupakan relawan Prabowo-Sandi"
"Paus Terdampar di Pantai Lepang Klungkung, Bali"," Video tersebut diunggah pada 7 April 2023 dan disertai keterangan yang menyebutkan seekor Paus terdampar di Pantai Lepang Klungkung, Bali pada 5 April 2023"
Waduk Kedungombo Bekas Pemukiman,waduk Kedung Ombo merupakan bekas pemukiman warga yang terdiri dari 5
HIMBAUAN PEMERINTAH RI KEPADA MASYARAKAT INDONESIA UNTUK MENGIBARKAN BENDERA SETENGAH…," HABIBIE[KLARIFIKASI FAKTA]Berdasarkan aduan yang masuk melalui admin JSH, menanyakan kebenran edaran pemerintah untuk mengibarkan bendera setengah tiang, sebagai wujud hari Berkabung Nasional atas Meninggalnya Presiden RI ke-3 B"
"JIKA NANTI JOKOWI DAN MARUF TIDAK TERPILIH, NU HANYA AKAN MENJADI FOSIL DI MASA…","JIKA NANTI JOKOWI DAN MA’RUF TIDAK TERPILIH, NU HANYA AKAN MENJADI FOSIL DI MASA DEPAN"
Gubernur Khofifah Ajukan Pengangkatan 6.141 Guru Honorer Lolos Passing Grade Jadi PPPK di tahun 2023,"  Gubernur Jawa Timur, Khofifah Indar Parawansa mengusulkan kepada Menteri Pendayagunaan Aparatur Negara dan Reformasi Birokrasi terkait kebutuhan PPPK Tahun Anggaran 2023"
"Kereta Tangki Pertamina Anjlok di Perlintasan Ketegan, Sidoarjo",Beredar video TikTok yang  menampilkan kereta Pertamina anjlok
Ridwan Kamil Bantah Artikel “Ridwan Kamil: Di jawa Barat Kita Akan Mendata Siapa Saja Yang Tidak Mendukung Jokowi!!”,"Gubernur Barat, Ridwan kamil lagi-lagi menjadi korban hoaks"
Tayar Pesawat Boeing Tercabut Ketika Berlepas,adanya Tayar Pesawat Boeing tercabut saat lepas landas
CALON PASKIBRA YANG GAGAL TERPILIH DIDUGA KARENA DI GANTI ANAK PEJABAT,informasi anak yatim yang terpilih sebagai anggota paskibra kab
PSI Berikan Kebohongan Award untuk Prabowo,Partai Solidaritas Indonesia (PSI) pernah memberikan Kebohongan Award kepada Prabowo Sunianto
"Penggalian Saluran Air di Penjaringan, Jakarta Utara Bukan Proyek Palyja","com, Sandiaga menyatakan bahwa proyek galian yang menelan korban jiwa di Penjaringan bukan dikerjakan oleh Palyja"
Gubernur Khofifah Ajukan Pengangkatan 6.141 Guru Honorer Lolos Passing Grade Jadi PPPK di tahun 2023," Apabila formasi yang tersedia kurang dari usulan, maka  rekrutmen PPPK Guru dilakukan dengan mekanisme prioritas bagi Guru yang telah lolos Passing Grade pada seleksi PPPK Tahun 2021 dengan urutan Eks THK-II, Guru Honorer Negeri, Lulusan Pendidikan Profesi Guru dan Guru Honorer Swasta"
"Dieng Suhu Minus 3,5 derajat Celcius","suhu di dataran tinggi Dieng membeku dan suhu mencapai minus 3,5 derajat celcius"
"Penggalian Saluran Air di Penjaringan, Jakarta Utara Bukan Proyek Palyja","Proyek galian saluran air yang longsor dan memakan korban jiwa, Tarno (42), di Penjaringan, Jakarta Utara bukanlah proyek milik PT"
Kades Tolak Kegiatan Bersih-Bersih Sampah di Pantai oleh Influencer," Alasan dari pihak pemerintah desa, kegiatan tersebut tidak dikoordinasikan oleh pihak desa sebelumnya"
Klarifikasi Dinas Bina Marga DKI Jakarta Terkait Anggaran Rp56 Miliar Untuk Bangun 3 JPO," Menanggapi hal tersebut, Dinas Marga DKI Jakarta memberikan klarifikasi"
BPJS Hentikan Meng-cover Biaya Pengobatan Kanker,"Calon wakil presiden nomor urut 2, Sandiaga Uno menyebutkan bahwa defisit BPJS telah menyebabkan pengobatan seorang ibu di Sragen harus dihentikan"
Mobil Google Maps Tersesat di Perkebunan Tebu di Malang, Dalam keterangan video dituliskan bahwa mobil Google Maps tersesat di perkebunan milik warga Malang Jawa Timur
Bahaya Mainan Bebek Karet," Selain bakteri dan jamur, bahan kimia pembuatan bebek juga berbahaya mengandung phthalatest"
Guru di Bekasi Dipecat Lewat Pesan Grup Whatsapp Gara-Gara Beda Pilihan di Pilkada Jabar,"Seorang guru Sekolah Dasar Islam Terpadu (SDIT) Darul Maza, Jatisari, Kecamatan Jatiasih, Kota Bekasi, diberhentikan secara tidak hormat oleh pihak yayasan, telah menjadi viral di media sosial"
Bayi Meninggal Akibat Mendengar Petasan," Dalam keterangannya menyebut bahwa bayi yang berusia 38 hari tersebut mengalami kejang-kejang, mata tertutup sebelah dan lidah yang terbalik ke atas"
INFORMASI RENCANA KENAIKAN IURAN PESERTA BPJS,INFORMASI RENCANA KENAIKAN IURAN PESERTA BPJS
"Sebagian Benar, Klaim Jokowi Soal Hampir Tidak Ada Konflik Pembebasan Lahan","Calon Presiden nomor urut 01 Joko Widodo (Jokowi) mengklaim bahwa dalam 4,5 tahun terakhir hampir tidak ada konflik dalam pembebasan lahan untuk memuluskan proyek-proyek infrastruktur negara"
Keaseang Menjadi Ketua Umum PSI (Partai Solidaritas Indonesia),Kaesang Pangarep menjadi ketua umum PSI (Partai Solidaritas Indonesia)
Selebgram Satria Mahatir Bebas Dari Bui, Pengunggah tampak mengunggah foto Satria yang mengenakan baju tahanan berwarna oranye dan didampingi dua orang Polisi
"Lambangnya Dicatut Sekber Gerindra-PKS, PBB Beri Klarifikasi","co, Ketua Bidang Pemenangan PBB Sukmo Harsono membantah partainya terlibat dalam peresmian Sekber tersebut"
DISNAKERTRANS CIANJUR MENEMUKAN TKA MEMILIKI KTP,warginet melaporkan sebuah akun Facebook dengan nama AcepRw Squad Rukun Jaya yang membagikan tautan ke group KABAR CIANJUR (https://web
"Tambangan Perahu Megaluh, Jombang Hanyut", Pengunggah video menuliskan dalam keterangannya bahwa perahu tambangan di Desa Megaluh Jombang hanyut karena mesin mati
Kereta Cepat Jakarta-Bandung Tembus 300 KM/Jam, Dalam caption unggahannya juga menuliskan ‘Kereta cepat Jakarta Bandung 45 Menit’
Penjelasan Bupati Nduga Terkait Foto Anaknya sedang Memegang Bendera Bintang Kejora," Diduga bahwa pemuda yang di dalam foto tersebut merupakan anak ketiga dari Bupati Nduga, Yarius Gwijangge, yang tengah menempuh pendidikan di Australia"
"Tambangan Perahu Megaluh, Jombang Hanyut",Beredar video TikTok yang diunggah pada 27 Februari 2023 memperlihatkan sebuah kapal tambangan tidak terkendali terseret arus pada malam hari
"Kepala Desa Karangasem, Pasuruan Lakukan Gendam", Dalam video terdapat keterangan bahwa pria tersebut adalah Kepala Desa Karangasem Kecamatan Wonorejo Kabupaten Pasuruan yang sedang melakukan aksi gendam di toko skincare Tuban
Pendakian Kawah Ijen dibuka 12 Agustus 2023,pendakian Kawah Ijen dibuka pukul 02
Siswi di Gresik Alami Bully Ditusuk pada Bagian Mata," Siswi tersebut merupakan siswi kelas 2 SD di Menganti, Kabupaten Gresik"
PESAN WHATSAPP GOLD DAN MARTINELLI,Ada video yang akan diluncurkan besok di Whatsapp dan disebut Martinelli
CEO Perusahaan Teknologi India Vistex Meninggal,CEO perusahaan teknologi India meninggal saat pesta perayaan 25 tahun perusahaan
"Debat Pilkada Solo: Bajo Klaim Cagar Budaya Di Solo Banyak Yang Dijual, Ini Faktanya!","Pasangan calon nomor urut 02 di Pilkada Solo, Bagyo Wahono dan Suparjo Fransiskus Xaverius menyebut cagar budaya di Kota Bengawan banyak yang terjual"
Korupsi di Bank Jatim,mantan staf Bank Jatim cabang utama Surabaya diduga korupsi sebanyak Rp 2
Video Pemotor yang Melintas di JLNT Casablanca Tak Ditilang Polisi Karena Punya Black Card,"Beredar sebuah video yang memperlihatkan seorang pengendara motor roda dua yang lolos pemeriksaan dan tilang petugas saat melintasi jalan layang non tol (JLNT) Tanah Abang-Kampung Melayu di Jalan Casablanca, Jakarta Selatan, membuat heboh media sosial"
Isbat Nikah dan Nikah Baru Masal di Surabaya,terdapat isbat nikah dan nikah masal untuk warga Surabaya
SRI MULYANI DAN SUAMI NAIK SEPEDA BROMPTON," Unggahan tersebut melampirkan foto dan bertuliskan ""Menkeu Sri Mulyani dan suami, sedang merasakan nikmatnya naik sepeda Brompton"
CEO SINOVAC AKAN KAJI KEMBALI PEMBERIAN DOSIS VAKSIN KETIGA,"CEO SINOVAC AKAN KAJI KEMBALI PEMBERIAN DOSIS VAKSIN KETIGABeredar kabar, Chief Exceutive Officer (CEO) Sinovac, Dr"
KH Asep Saifuddin Chalim Bantah Sebut Orang yang Menyarankan Memilih Gus Ipul Telah Berkhianat," Dalam quotes bergambar tersebut, ada foto KH Asep dan memuat pesan tentang pemilihan Calon Gubernur Jawa Timur"
Gubernur Khofifah Ajukan Pengangkatan 6.141 Guru Honorer Lolos Passing Grade Jadi PPPK di tahun 2023, 20 Tahun 2022 tentang Pengadaan PPPK untuk Jabatan Fungsional Guru pada Instansi Daerah
Dusun Wotawati Jogja “Terlambat” terkena Sinar Matahari,adanya sebuah Dusun yang paling akhir terpapar sinar Matahari
PESAN WHATSAPP GOLD DAN MARTINELLI,Jika Anda menerima pesan untuk memperbarui Whatsapp Gold Jangan buka!Mereka baru saja mengumumkan bahwa virus itu serius
"Debat Pilkada Solo: Gibran Sebut Setiap Kelurahan Punya Gamelan, Ini Faktanya!","Pada acara Debat Pilkada Kota Solo Putaran Kedua pada Kamis (3/12/2020), pasangan calon nomor urut 01, Gibran Rakabuming Raka - Teguh Prakosa mengatakan setiap kelurahan di Kota Bengawan ini mempunyai gamelan"
SRI MULYANI DAN SUAMI NAIK SEPEDA BROMPTON, Semoga bea masuk sepedanya sudah dibayar lunas
Lurah di Kota Bima Copot Banner Acara Transpuan," Dalam videonya, disebut Lurah Manggemaci bersama dengan tim melakukan pencopotan atas dasar acara yang tidak berizin"
Selebgram Satria Mahatir Bebas Dari Bui," Pengunggah juga memberi keterangan,”Satria Mahatir “The Real Cogil” Bebas”"
"Pilkada Sleman, DWS: Hampir Setengah APBD buat Belanja Pegawai?","Dalam rangka mewujudkannya, kata Danang, perlu ada kolaborasi dari multi-pemangku kepentingan karena menurutnya APBD Sleman terbatas, dan hampir setengahnya digunakan untuk belanja pegawai"
"ANAK TUKANG WARUNG NASI DAPAT BEASISWA KE TUNISIA, DITOLAK MINTA BIAYA TIKET OLEH…","ANAK TUKANG WARUNG NASI DAPAT BEASISWA KE TUNISIA, DITOLAK MINTA BIAYA TIKET OLEH PEMDA PURWAKARTA DAN PEMPROV JAWA BARAT"
"ANAK TUKANG WARUNG NASI DAPAT BEASISWA KE TUNISIA, DITOLAK MINTA BIAYA TIKET OLEH…", Padahal dirinya membutuhkan biaya berangkat ke Tunisia usai mendapat beasiswa
SRI MULYANI DAN SUAMI NAIK SEPEDA BROMPTON,VIRAL SRI MULYANI DAN SUAMI NAIK SEPEDA BROMPTON
PESAN WHATSAPP GOLD DAN MARTINELLI,Telah beredar pesan singkat terkait sejumlah pengguna whatsapp menerima pesan yang isinya untuk tidak membuka WhatsApp Gold
"""Pare Tidak Serta-merta Bisa Menyembuhkan Kanker""","Air panas pare tsb akan mengeluarkan suatu zat anti kanker, ini adalah sebuah perkembangan baru didalam dunia kedokteran yg bermanfaat dalam mengobati kanker"
MAHATIR MOHAMAD MINTA PRESIDEN PHILIPINA JANGAN MAU BERUTANG KEPADA NEGARA CHINA,"menerima aduan yang menanyakan kebanaran dari informasi yang beredar di media sosial, Mahatir Mohammad (92 tahun) minta kepada Presiden Philipina (Rodrigo Duterte) agar Negara Philipina JANGAN MAU BERUTANG KEPADA NEGARA CHINA"
Video Pria Mengapung di Bawah Jembatan Suramadu,Beredar video Pria terlihat mengapung di bawah Jembatan Suramadu
Kecelakaan di Jalur Klemuk Kota Batu, Unggahan tersebut memberikan keterangan   terdapat 3 korban meninggal akibat kecelakaan di Jalur Klemuk Kota Batu
Philadelpia menjadi Sarang Pecandu Narkoba,kota Philadelphia Amerika Serikat tampak banyak “zombie” yang berkeliaran
Bendera Indonesia Terbalik di Acara Sea Games, Ini negara Asean ga kenal bendera Indonesia apa ya padahal tetangga”
Benarkah pemerintahan Presiden Jokowi sudah memperkuat pertahanan dan keamanan di luar kawasan Pulau Jawa?,"Calon presiden nomor 1, Joko Widodo, mengatakan pemerintahannya sudah memperkuat pertahanan dan keamanan di luar kawasan Pulau Jawa"
"BERHASIL KEMBANGKAN BENIH PADI, KEPALA DESA INI MALAH JADI TERSANGKA","Berdasarkan hasil penelusuran Tim Jabar Saber Hoaks Kepala Desa Meunasah Rayeuk, Kecamatan Nisam, Aceh Utara, Aceh, Munirwan ditetapkan sebagai tersangka karena diduga memproduksi dan mengedarkan benih padi unggulan bibit padi jenis IF8 disebut belum disertifikasi atau berlabel"
Tidak Ada Manfaat Menggunakan Metode Menggoyangkan Tangki Saat Pengisian Bensin,Terdapat artikel yang menuliskan metode baru pengisian bensin yang membuat pembaca bias makna
KADISDIK INSTTRUKSIKAN SEKOLAH TETAP WASPADA TERHADAP PENCULIKAN ANAK DENGAN CARA…,menerima aduan yang  menanyakan kebenaran dari informasi Kadisdik Insttruksikan Sekolah Tetap Waspada Terhadap Penculikan Anak Dengan Cara Menghipnotis
Bore Up Mesin Merupakan Jenis Pelanggaran Hukum,bore up mesin motor merupakan salah satu bentuk pelanggaran hukum
Pengendara Motor Tertabrak Kereta Api di Sidoarjo, Dalam waktu bersamaan ada kereta api yang sedang melintas
Air Rebusan Mie Instan dapat Suburkan Tanaman,"bekas air rebusan mie instan, dapat digunakan sebagai salah satu bahan penyubur tanaman"
Dusun Wotawati Jogja “Terlambat” terkena Sinar Matahari," Selain itu, matahari terbenam juga paling awal, sekitar pukul 16"
Pembangunan Jembatan Layang Flyover Krian Diperkirakan Rampung Desember 2023,Beredar unggahan di media sosial facebook melalui akun Info Jalanan yang diunggah pada 5 Mei 2023 memuat informasi tentang proyek pembangunan Jembatan Layang atau Flyover Krian ditargetkan selesai pada bulan Desember 2023 dan sampai saat ini sudah mencapai 60 persen proses pengerjaan
Pemilik Mobil Naik di Atas Kap untuk Menggagalkan Aksi Pencurian di Blitar, Dalam videonya tampak seorang pria berbaju putih yang berusaha menutup kaca dengan terbaring diatas mobilnya
Ikan Sapu-Sapu Invasi Danau Tempe, Video tersebut tampak direkam oleh seorang nelayan yang mengeluhkan atas tertangkapnya puluhan Ikan Sapu-Sapu
Warga Usir Pendemo Rocky Gerung,adanya Demo yang dibubarkan oleh warga di rumah Rocky Gerung (Pengamat Politik)
BIAYAI PEMINDAHAN IBU KOTA 466T JOKOWI USULKAN JUAL TANAH NEGARA DI KALTIM,"menanyakan kebenaran screeshoot berita dengan judul Biayai Pemindahan Ibu Kota Rp466T, Jokowi Usul Jual Tanah Negara di Kaltim"
"Debat Pilkada Solo: Bajo Klaim Cagar Budaya Di Solo Banyak Yang Dijual, Ini Faktanya!",Pernyataan tersebut disampaikan langsung oleh Suparjo dalam acara Debat Pilkada Solo Putaran Kedua yang digelar oleh KPU Solo pada Kamis (3/12/2020)
Pemerintah Kota Surabaya Kurangi Durasi Lampu Merah,Pemerintah Kota Surabaya menekan polusi udara dengan mengurangi durasi lampu lalu lintas
"Tambangan Perahu Megaluh, Jombang Hanyut", Perahu tersebut membawa mobil beserta para penumpang
Blok Rokan dan Blok Mahakam Dikelola Indonesia,Capres nomor urut 01 Joko Widodo (Jokowi) mengatakan bahwa blok minyak Rokan dan blok Mahakam telah dikelola oleh Indonesia
VIRAL VIDEO KELOMPOK BERMOTOR DIDUGA TAWURAN DI JALAN SETIABUDI,"[KLARIFIKASI FAKTA]Berdasarkan aduan yang masuk melalui admin Instagram Jabar Saber Hoaks, beredar video bentrokan kelompok diduga geng motor tawuran di Jalan Setiabudi Bandung"
Baso A Fung Musnahkan Mangkok Karena Ulah Pelanggan," Hal tersebut dilakukan pasca kejadian seorang influencer, Jovi Adhiguna, mencampur krupuk babi dengan bakso yang sedang ia pesan di outlet baso A Fung Bandara I Gusti Ngurah Rai, Bali"
Bentrok Antar Perguruan Silat di Lamongan,"adanya bentrok antar perguran silat yang terjadi di Desa Sunggelebak, Kecamatan Karanggeneng, Kabupaten Lamongan"
Himbauan untuk Tidak Keluar Rumah oleh Polantas Surabaya,munculnya sebuah poster himbauan untuk tidak beraktivitas di luar rumah saat weekend tanggal 28-29 Juli 2023
Keaseang Menjadi Ketua Umum PSI (Partai Solidaritas Indonesia)," Video tersebut beredar di TikTok pada 25 September 2023 dengan keterangan ‘Seruu, pidato perdana ketum PSI Kaesang Pangarep’"
"Benarkah pernyataan Calon Presiden Joko Widodo bahwa Pemerintah Indonesia telah menguasai sumber daya alam strategis seperti Blok Mahakam, Blok Rokan dan Freeport?","Calon presiden Joko Widodo mengklaim bahwa Pemerintah Indonesia kini telah menguasai sumber daya alam strategis seperti Blok Mahakam, Blok Rokan dan Freeport"
Mobil Google Maps Tersesat di Perkebunan Tebu di Malang,Beredar sebuah video di TikTok memperlihatkan sebuah mobil hitam milik Google Maps sedang ditarik oleh warga menggunakan tali
Bayi di Gresik Meninggal Dunia Usai Dengar Ledakan Petasan,Beredar sebuah kabar tentang meninggalnya bayi di Gresik Jawa Timur setelah mendengar ledakan petasan
"CORONA MELANDA, BEBERAPA DISPENDA KOTA/KABUPATEN BERIKAN INSENTIF TAGIHAN PBB",Beredar kabar Dinas Pendapatan Daerah di beberapa kota/kabupaten memberikan insentif tagihan Pajak Bumi dan Bangunan (PBB)
PEMERINTAH DAN DPR SEPAKAT PERMUDAH PEMBEBASAN KORUPTOR,"menanyakan kebenaran berita dengan judul Pemerintah dan DPR sepakat permudah pembebasan Koruptor, setelah dilakukan penelusuran oleh tim   berita tersebut benar"
Benarkah Polisi Menurunkan Bendera-bendera Peserta Piala Dunia 2018 di Kabupaten Sorong?, Polisi himbau warga Lain turunkan sendiri benderanya masing
Ribuan WNI pindah WN Singapura,riburan warga Negara Indonesia pindah menjadi warga Negara Singapura
VIDEO KERUSUHAN DI DIPATIUKUR BANDUNG,kerusuhan atau bentrokan di daerah Dipatiukur Bandung
Seorang Wanita Siram Air Kencing ke Rumah Tetangga,sebuah ibu-ibu sedang membuang sesuatu
Bayi Meninggal Akibat Mendengar Petasan,seorang bayi yang meninggal akibat mendengarkan petasan di Gresik
Masriah Halangi Pengantaran Material ke Rumah Tetangga," Informasi tersebut diunggah pada 25 Agustus 2023 dengan keterangan ‘Masriah, si penyiram tinja berulah lagi"
Tes Dehidrasi dengan Cubit Kulit, Jika kulit yang dicubit tidak langsung turun maka terindikasi dehidrasi
"Kebakaran Jati Peteng,","kobaran api membakar sebuah tempat yang diketahui di daerah Tuban Jawa Timur berdasarkan keterangan ‘pray for Jati Peteng, Jenu, Tuban’"
Video Pria Mengapung di Bawah Jembatan Suramadu, Dalam keterangannya tertulis ‘suramadu 21 Juni 2023’
Warga Trawas Mojokerto Temukan Sepeda Motor di Persawahan," Tampak dalam foto unggahan, sepeda tersebut tergeletak di area sawah dan penuh lumpur"
Prabowo Sebut Kekayaan RI Banyak Berada di Luar Negeri,"Prabowo tidak menjelaskan maksud kekayaan itu apakah kekayaan sumber daya alam banyak mengalir ke luar negeri, atau dari potensi pajak warga Indonesia yang banyak berada di luar negeri"
"KEMENTERIAN LHK BAGIKAN BIBIT TANAMAN SECARA CUMA-CUMA, DENGAN SYARAT TIDAK DIPERJUAL…",Kementerian Lingkungan Hidup dan Kehutanan (KLHK) menggelar program pembagian bibit tanaman gratis
Tes Dehidrasi dengan Cubit Kulit,cara tes tubuh apakah dehidrasi atau tidak
Warga Usir Pendemo Rocky Gerung, Sejumlah massa aksi sekitar belasan orang terlibat aksi adu mulut dengan pria berbaju biru yang meminta untuk membubarkan diri
"Pilkada Sleman, DWS: Hampir Setengah APBD buat Belanja Pegawai?"," Dalam debat kali ini, paslon bupati dan wakil bupati nomor 1 Danang Wicaksana Sulistya - Raden Agus Choliq menyinggung soal Anggaran Pendapatan dan Belanja Daerah (APBD) Sleman saat menyampaikan visi dan misinya di segmen satu"
"Lama Balas Pesan, Badan Kekasih Disetrika","foto siaran berita di televisi dengan headline ‘Lama balas pesan, badan kekasih disetrika’"
"Debat Pilkada Solo: Gibran Sebut Setiap Kelurahan Punya Gamelan, Ini Faktanya!"," Itu nanti yang akan memerangi kejelakan-kejelekan dan tindakan-tindakan intoleransi di Kota Solo,"" terang Gibran"
INFORMASI RENCANA KENAIKAN IURAN PESERTA BPJS,Setelah Tim Jabar Saber Hoaks melakukan penelusuran ada 4 fakta dari Rencana Kenaikan Iuran Peserta BPJS sebagaimana di kutip dari media https://www
Warga Keturunan Tionghoa Tidak Boleh Memiliki Aset di Yogyakarta, Sejak saat itu Sultan Hamengkubuwono ke-9 mencabut hak atas kepemilikan aset tanah properti milik kepada orang-orang Tionghoa
MITRA OJEK ONLINE DISERANG HOAKS RACUNI PESANAN MAKANAN KONSUMEN,Beredar informasi yang disebar melalui pesan berantai whatsapp bahwa mitra ojek online meracuni pesanan makanan milik konsumen
Penjelasan MUI terkait Pernyataan Tengku Zulkarnain yang Sebut MUI akan Ajukan Hukuman Potong Tangan Bagi Koruptor,"Pernyataan Tengku Zulkarnain saat mengisi Dzikir Nasional Festival Republik 2018: Menebar Kebaikan Menguatkan Kepedulian di Masjid Agung At-Tin, Jakarta Timur, Senin (31/12) malam, membuat heboh masyarakat"
"Debat Pilkada Solo: Gibran Sebut Setiap Kelurahan Punya Gamelan, Ini Faktanya!","Kata Gibran, gamelan tersebut digunakan Pemerintah Kota (Pemkot) Solo sebagai bentuk media memperkenalkan budaya ke anak muda"
Seleksi CPNS dibuka Tiga Periode," Pengunggah memberi keterangan   seleksi periode I dibuka pada maret 2024, diikuti periode II pada Juni dan periode III pada Agustus 2024"
" Benar, Cabup Barru Malkan Amin Meninggal Dunia di RSUP Wahidin Sudirohusodo","id – Asosiasi Media Siber Indonesia (AMSI) Sulsel, kabar meninggalnya Malkan Amin beredar bersama postingan screenshot dokumen kematian"
PELAKU PEMBAKAR HUTAN MENGAKU DIBAYAR PENGUSAHA SEBESAR RP. 600 RIBU,menanyakan kebenaran berita dari TV One mengenai pelaku pembakaran Hutan yang tertangkap dan mengaku dibayar pengusaha sebesar Rp
Guru di Bekasi Dipecat Lewat Pesan Grup Whatsapp Gara-Gara Beda Pilihan di Pilkada Jabar,Pemberhentian guru itu hanya karena beda pilihan dalam pagelaran Pilkada serentak 2018 Pemilihan Gubernur-Wakil Gubernur Jawa Barat dan Wali Kota-Wakil Wali Kota Bekasi
SINGKATAN DEPOK : DE EERSTE PROTESTANTSE ORGANISATIE VAN CHRISTENEN,"Menanyakan kebenaran dari singkatan Depok yaitu De Eerste Protestantse Organisatie Van Christenen, setelah tim   melakukan penelusuran kabar tersebut benar"
Klarifikasi Dinas Bina Marga DKI Jakarta Terkait Anggaran Rp56 Miliar Untuk Bangun 3 JPO,Sempat beredar isu Pemerintah Provinsi (Pemprov) DKI Jakarta menganggarkan Rp56 miliar untuk pembangunan tiga Jembatan Penyeberangan Orang (JPO)
"AMIL, USTADJ DAN UTADJAH PONDOK JAGUNG TIMUR TIDAK AKAN MENGURUSI JENAZAH ORANG-ORANG…","Spanduk tolak memandikan jenazah untuk warga yang mendukung pembangunan Gereja di kawasan Pondok Jagung Timur, Kecamatan Serpong Utara, Tangerang Selatan, viral di media sosial"
Penipuan List Order di Tiktok Melalui Pesan Whatsapp,Beredar unggahan di media sosial Instagram @indozonetech yang memuat pesan di whatsaapp dengan mengirimkan file list order berekstensi Pdf
"""Pare Tidak Serta-merta Bisa Menyembuhkan Kanker""","Pare dapat membunuh sel kanker!Potong 2-3 irisan tipis pare taruh dalam gelas,tuang air panas, air akan menjadi alkalin(basa),minum setiap hari,terhadap siapapun akan bermanfaat"
CEO SINOVAC AKAN KAJI KEMBALI PEMBERIAN DOSIS VAKSIN KETIGA, Yin Weidong akan mengkaji kembali pemberian dosis ketiga vaksin Sinovac
PESAN WHATSAPP GOLD DAN MARTINELLI,Jika Anda menerima pesan untuk memperbarui Whatsapp Gold Jangan buka!Mereka baru saja mengumumkan bahwa virus itu serius
Tes Dehidrasi dengan Cubit Kulit," Sebaliknya, jika kulit yang dicubit langsung turun maka tidak dehidrasi"
Pendakian Kawah Ijen dibuka 12 Agustus 2023, Kabar tersebut disebarkan oleh akun TikTok Paket Wisata Banyuwangi pada 9 Agustus 2023
Jokowi: Kapal Nelayan di Bawah 10 GT Tidak Perlu Izin," Hanya yang 30 GT yang pakai izin ke KKP,"" tambah Jokowi"
"Paus Terdampar di Pantai Lepang Klungkung, Bali",seekor paus terdampar di bibir pantai
PAC PDIP Tenggilis Mejoyo Surabaya tangkap pelaku politik uang di Kendangsari,"Informasi yang beredar di sejumlah grup WhatsApp, motif pelaku membagikan amplop berisi uang tersebut adalah agar para penerima memilih pasangan calon wali kota dan calon wakil wali kota Surabaya nomor urut 2 Machfud Arifin-Mujiaman di Pilkada Surabaya yang berlangsung hari ini"
Kecelakaan Rombongan Bus SMAN 1 Sidoarjo,kecelakaan Rombongan Bus SMAN 1 Sidoarjo dengan korban 1 meninggal dunia
Penganiayaan di Dalam Bus," Video tersebut diunggah dengan keterangan ‘merasa diikuti sampai dalam bus, wanita berhijab ini menjaga jarak"
Presiden Jokowi Teken Peraturan Pemerintah yang Memuat Menteri-Walikota Tidak Perlu Mundur untuk Maju dalam Kontestasi Pilpres," 53 Tahun 2023 tentang Peraturan Pemerintah (PP) Nomor 53 Tahun 2023 tentang Perubahan Atas Peraturan Pemerintah Nomor 32 Tahun 2018 tentang Tata Cara Pengunduran Diri Dalam Pencalonan Anggota Dewan Perwakilan Rakyat, Anggota Dewan Perwakilan Daerah, Anggota Dewan Perwakilan Rakyat Daerah, Presiden dan Wakil Presiden, Permintaan Izin Dalam Pencalonan Presiden dan Wakil Presiden, Serta Cuti Dalam Pelaksanaan Kampanye Pemilihan Umum"
Pengisian BBM Gratis di Bulan Agustus yang Bernama Agus," Pengunggah juga memberi keterangan pengisian 2,5 liter setiap hari"
Barcode dari Menristekdikti terhubung dengan website keberhasilan Jokowi,"Saat mempresentasikan materi, Menteri Mohammad Nasir meminta peserta kuliah umum untuk memindai QR Code yang ditampilkan dalam slide show"
Ular di posko PMI Bojonegoro,seekor ular berukuran besar nampak di bawah lantai berair
Prabowo Sebut Kekayaan RI Banyak Berada di Luar Negeri," Masalah pokok bangsa kita adalah bahwa kekayaan kita tidak tinggal di republik kita,"" kata Prabowo"
Kebakaran di Kawasan Gunung Bromo, Dalam video terlihat asap hitam dengan kobaran api berwarna orenye di lereng bukit
Barcode dari Menristekdikti terhubung dengan website keberhasilan Jokowi,"Akun Opposite6890 menjelaskan, bahwa setelah dipindai, ternyata QR Code tersebut terhubung ke salah satu website dengan alamat http://hebatdiki"
Enam Orang Pembegal Kabur Berkat Korek Api Korban,"terdapat enam orang pembegal di kota Malang, Jawa Timur yang kabur saat korban menodongkan korek api"
Pengisian BBM Gratis di Bulan Agustus yang Bernama Agus,adanya pengisian Bahan Bakar Minyak (BBM) gratis untuk yang bernama Agus di Bulan Agustus
Lahan Hutan Prabowo Ratusan Ribu Hektare," Kata Jokowi dalam debat capres kedua di Hotel Sultan, Jakarta, Minggu 17 Februari 2019, Prabowo memiliki lahan 220 ribu hektare di Kalimantan Timur dan dan sebanyak 120 ribu hektare di Aceh"
"RI IMPOR 268 TON CANGKUL, SETARA 1,5 KALI LAPANGAN GBK LOH","RI Impor 268 Ton Cangkul, yang setara dengan 1,5 kali lapangan GBK"
VIDEO PROSES PENGOLAHAN MEMATANGKAN PISANG DENGAN INSTAN DENGAN BAHAN CAIRAN,"[KLARIFIKASI FAKTA]Tim Jabar Saber Hoaks menerima aduan yang menanyakan kebenaran dari informasi Video Proses Pengolahan Mematangkan Pisang Dengan Instan Dengan Bahan Cairan, setelah di telusuri merujuk  pada peliputan Buser Investigasi informasi tersebut benar"
Perubahan Rute Praktik SIM C," Informasi tersebut beredar di TikTok yang diunggah pada 7 Agustus 2023 dengan keterangan ‘rute ujian praktik SIM C dirubah, zig-zag dan angka 8 dihapus’"
Pemutihan Pajak di Jawa Timur,poster Pembebasan Pajak Daerah 2023 khusus warga Jawa Timur
Masriah Halangi Pengantaran Material ke Rumah Tetangga," Kali ini beliau menghalang-halangi pengantaran material ke rumah tetangganya, Wiwik, yang hendak direnovasi"
"Kebakaran di Desa Kajar, Bondowoso"," Dalam keterangan video tersebut menjelaskan bahwa kebakaran terjadi di Desa Kajar, RT 4, Kecamatan Tenggarang, Kabupaten Bondowoso"
SURVEI: KEBANYAKAN MASYARAKAT TIDAK MAU JOKOWI JADI PRESIDEN LAGI.,Kebanyakan Masyarakat tidak mau Jokowi jadi Presiden lagi
Peserta KKN Universitas Negeri Padang Diusir oleh Warga,cuplikan layar berupa informasi sekelompok peserta KKN diusir oleh warga setelah membuat konten menyindir fasilitas lokasi KKN
Warga Trawas Mojokerto Temukan Sepeda Motor di Persawahan,"Beredar kabar ditemukannya sebuah sepeda motor di persawahan di daerah Trawas, Mojokerto"
Penipuan List Order di Tiktok Melalui Pesan Whatsapp," Tetapi, customer tersebut meminta nomor whatsapp lantas memberikan file berekstensi pdf dengan judul “list order”"
"Pilkada Sleman, Sri: Merapi Siaga, Warga Rentan Sudah Diungsikan?","Dalam debat Pilkada Sleman 2020 putaran ketiga, Kamis (12/11/2020) malam, di segmen tiga paslon bupati dan wakil bupati nomor 3 Sri Muslimatun - Amin Purnama menjawab pertanyaan soal bentuk kepedulian terhadap pengungsi Gunung Merapi, terutama lansia, balita, dan perempuan"
Lahan Hutan Prabowo Ratusan Ribu Hektare,"Calon presiden nomor urut 01, Joko Widodo, sempat menyindir lawannya, calon presiden nomor urut 02, Prabowo Subianto, soal lahan hutan yang dimiliki mantan Pangkostrad itu"
"Mahalini, Ziva, dan Anggi Masuk Nominasi Penyanyi Solo Wanita Terbaik AMI","Mahalini, Ziva, dan Anggi masuk nominasi penyanyi solo terbaik AMI"
"Dieng Suhu Minus 3,5 derajat Celcius"," Estimasi turunnya suhu udara mencapai 0,6 derajat celcius setiap 100 mdpl (meter diatas permukaan laut-red)"
"BERHASIL KEMBANGKAN BENIH PADI, KEPALA DESA INI MALAH JADI TERSANGKA","informasi berhasil kembangkan benih padi, kepala desa ini malah jadi tersangka"
Mahasiswa UnSri meninggal dunia setelah terjatuh dari lantai tiga apartemen Unsri,"""Mahasiswa palembang meninggal akibat demo""Sempat beredar isu tentang meninggalnya seorang mahasiswa Universitas Sriwijaya yang dikait-kaitkan dengan aksi demo yang terjadi kemarin"
Kerusuhan Gacoan Ambengan Surabaya,kerusuhan di sebuah gerai makanan
Deretan Kata Sandi yang Sering Digunakan pada 2023," Informasi tersebut disebarkan pada 17 Desember 2023 dengan keterangan ‘Berikut adalah deretan kata sandi/password yang paling sering digunaikan pada tahun 2023 berdasarkan hasil riset Perusahaan Keamanan Siber, Nordpass : 12345, admin, 12345678, 123456789, 1234, 12345, password, 123, Aa123456, 1234567890, UNKOWN, 1234567, 123123, 111111, Pasword, 12345678910, 000000, admin123, ******, user’"
Korban Kebakaran Hawaii Menyelamatkan Diri di Laut,beberapa korban kebakaran Hawaii
"Rohani Sebut Pertumbuhan Ekonomi SBT Paling Rendah di Maluku, Akademisi Buka Data 2015-2019","Dalam debat ini, Calon Bupati Rohani Vantah mengaku pertumbuhan ekonomi SBT paling rendah di Provinsi Maluku, pendapatan masyarakat rendah serta kemiskinan dan pengangguran makin tinggi"
Aspal Pecah di Surabaya,"terjadi aspal meletus (merekah-red) di Surabaya, Jawa Timur"
KH Asep Saifuddin Chalim Bantah Sebut Orang yang Menyarankan Memilih Gus Ipul Telah Berkhianat," Isi pesan tersebut yakni KYAI SEPUH YANG DUKUNG GUS IPUL DAN MBAK PUTI, PENGHIANAT ALLAH DAN ROSUL"
"Negara Habiskan Biaya 1,2 Miliar Rupiah untuk Padamkan Bromo",Beredar unggahan di TikTok menginformasikan tentang biaya yang dikeluarkan untuk memadamkan kebakaran Bromo
Tragedi Carok karena Konflik Pilkades di Bangkalan,telah terjadi pembacokan karena Pemilihan Kepala Desa di Bangkalan Madura
Puncak Hujan Meteor 13 Agustus," Meteor akan bisa terlihat dengan mata telanjang tanpa teleskop dengan catatan tidak hujan, tidak berawan, serta terhindar dari polusi cahaya"
Pemerintah Resmi Cabut Aturan Wajib Masker, Aturan tersebut dituangkan dalam Surat Edaran (SE) Nomor 1 Tahun 2023 tentang Protokol Kesehatan pada masa transisi endemi untuk mencegah penularan Covid-19 pada Jumat 09 Juni 2023
Pembelian Tiket Kapal Ferry Lewat Website atau Aplikasi, Dalam videonya juga menerangkan   pembelian tiket dalam loket tunai tidak dapat dilakukan
"Lambangnya Dicatut Sekber Gerindra-PKS, PBB Beri Klarifikasi","Atas terpampangnya logo Partai Bulan Bintang (PBB) di peresmian Sekretariat Bersama (Sekber) Partai Gerakan Indonesia Raya (Gerindra), Partai Keadilan Sejahtera (PKS), dan Partai Amanat Nasional (PAN), pihak PBB melakukan klarifikasi"
Video Pemotor yang Melintas di JLNT Casablanca Tak Ditilang Polisi Karena Punya Black Card,Black card itu ditengarai yang meloloskan pengendara motor dari pemeriksaan petugas
Pengendara Motor Tertabrak Kereta Api di Sidoarjo,kecelakaan antara kereta api dengan sepeda motor
Penghapusan Sistem Transit Kereta Api Di Stasiun Blitar,sistem transit kereta api commuter di Stasiun Blitar mulai tanggal 15 Juli 2023 dihapus
Himbauan untuk Tidak Keluar Rumah oleh Polantas Surabaya, Dalam poster tersebut Satlantas Polrestabes Surabaya juga turut melaksanakan penegakan hukum dan menindak secara tegas konvoi oknum pesilat di Surabaya
"Debat Pilkada Solo: Gibran Sebut Setiap Kelurahan Punya Gamelan, Ini Faktanya!","""Hampir semua kelurahan gamelan slendro pelog"
Amien Rais menyebut 74 persen tanah di Indonesia dikuasai segelintir orang.," Menurut ekonom Drajad Wibowo, yang juga mantan Wakil Ketua Umum PAN, pernyataan Amien berasal dari riset yang dilakukan Megawati Institute, lembaga riset yang berafiliasi dengan Partai Demokrasi Indonesia Perjuangan (PDIP) pada Desember 2017"
"Penggalian Saluran Air di Penjaringan, Jakarta Utara Bukan Proyek Palyja"," PAM Lyonnaise Jaya (Palyja), melainkan proyek milik PT"
BELI PEMPEK DAN NASI BUNGKUS DI PALEMBANG KENA PAJAK 10 PERSEN,Ada warginet ang menanyakan mengenai Pempek dan Nasi Bungkus dikenakan pajak
Pilkades di Desa Kanegarah Bangkalan Kisruh,"Desa Kanegarah, Kecamatan Konang, Kabupaten Bangkalan yang sedang memanas"
Ular di posko PMI Bojonegoro," Dari keterangan video, lokasi ular tersebut berada di Posko PMI Bojonegoro"
PAC PDIP Tenggilis Mejoyo Surabaya tangkap pelaku politik uang di Kendangsari,Pelaku yang merupakan seorang ibu rumah tangga itu ditangkap saat diduga membagikan amplop warna putih berisi uang pecahan Rp 100 ribuan kepada sejumlah tetangganya
PSI Berikan Kebohongan Award untuk Prabowo," Dalam video, tampak sebuah sertifikat bertajuk “Penghargaan Kebohongan Ter-Lebay Awal Tahun 2019”"
Penggunaan Obat Asam Urat dapat Sebabkan Kerusakan Ginjal,penggunaan obat asam urat “allopurinol” dapat sebabkan kerusakan pada ginjal
Warga Keturunan Tionghoa Tidak Boleh Memiliki Aset di Yogyakarta,keturunan Tionghoa tidak boleh memiliki aset di Daerah Istimewa Yogyakarta
Jokowi: Kapal Nelayan di Bawah 10 GT Tidak Perlu Izin,"""Mungkin Bapak belum tahu ada yang namanya (Perum) Perindo dan Perinus yang membantu membeli ikan-ikan dari rakyat,"" kata Jokowi"
Enam Orang Pembegal Kabur Berkat Korek Api Korban,"terdapat enam orang pembegal di kota Malang, Jawa Timur yang kabur saat korban menodongkan korek api"
"Kasus Covid di Indonesia Naik 45,7%","kasus covid-19 di Indonesia mengalami peningkatan sebesar 45,7% dan kematuan meningkat sebesar 44%"
BPJS KESEHATAN KINI TAK LAGI GRATIS, Setiap peserta BPJS dalam mendapatkan layanan kesehatan di era jaminan kesehatan nasional (JKN) akan berlaku tarif yang Besarannya talah diatur
FPI Tidak Menyebarkan Spanduk Habib Rizieq Dukung Khilafah,"co, Novel Bamukmin, Anggota FPI, membantah pihaknya telah melakukan pemasangan spanduk tersebut"
KH Asep Saifuddin Chalim Bantah Sebut Orang yang Menyarankan Memilih Gus Ipul Telah Berkhianat,"""Orang yang menyarankan memilih Gus Ipul itu tidak boleh diikuti sebab mereka sudah berkhianat kepada Allah dan Rasulnya"""
Tidak Ada Manfaat Menggunakan Metode Menggoyangkan Tangki Saat Pengisian Bensin, Dalam tulisannya terdapat cara yang dilakukan oleh pengguna kendaraan bermotor saat mengisi bahan bakar adalah dengan menggoyang-goyangkan kendaraan supaya bensin lebih cepat masuk
Deklarasi Demokrat Dukung Prabowo,Partai Demokrat telah mendeklarasikan dukung Prabowo menjadi Presiden Republik Indonesia 2024
Kominfo Analisis Dugaan 34 Juta Data Paspor yang Bocor,"com mengabarkan bahwa Direktur Jenderal Aplikasi dan Informatika (Dirjen Aptika) Kementerian Komunikasi dan Informatika (Kominfo), Samuel Abrijani Pangerapan menyatakan bahwa pihaknya sedang menganalisis untuk memastikan adanya kebocoran data atau tidak"
"Pilkada Sleman, DWS: Hampir Setengah APBD buat Belanja Pegawai?"," Hal ini ini kami ambil untuk melibatkan multistakeholders ini dikarenakan APBD di Kabupaten Sleman terbatas, dan dalam hal yang terbatas tersebut, hampir setengah dari APBD Kabupaten Sleman untuk belanja pegawai,"" ujar Danang"
BATAS MINIMAL USIA PERNIKAHAN PADA PEREMPUAN DIUSULKAN MENJADI 19 TAHUN,menanyakan kebenran Berita yang beredar mengenai Batas Minimal Usia Pernikahan pada perempuan diusulkan menjadi 19 Tahun
MASINIS JAJAN DI WARUNG PAKAI LOKOMOTIF,MASINIS JAJAN DI WARUNG PAKAI LOKOMOTIF
PESAN WHATSAPP GOLD DAN MARTINELLI,Ada video yang akan diluncurkan besok di Whatsapp dan disebut Martinelli
Demo Mie Gacoan Pamekasan,"Beredar video aksi demo di Mie Gacoan Pamekasan, Jawa Timur"
"HABIB BAHAR TINGGALKAN POLDA JABAR, 100 NAPI HAPAL 80 HADITS DAN 6 TAHANAN JADI…","Menanyakan kebenaran berita Habib Bahar tinggalkan Polda Jabar, 100 Napi Hafal 80 Hadits hingga 6 tahanan jadi Mualaf"
Gelatin Babi pada Beberapa Jenis Makanan," Dalam video tersebut juga menjelaskan manfaat gelatin dan bahan pembuatan gelatin seperti kulit dan tulang sapi, ayam, hingga babi"
Hadiah Umrah dari Jalan Santai diganti TV dan Dispenser, Informasi tersebut beredar di TikTok pada 23 Agustus 2023 dengan keterangan ‘apakah kamu tahu pemenang hadiah utama umrah jalan sehat diganti TV dan dispenser’
Pengendara Motor Tertabrak Kereta Api di Sidoarjo, Terlihat seorang perempuan pengemudi sepeda motor Honda Vario Putih menyeberang rel tanpa berhenti terlebih dahulu
"""Dinkes Pamekasan: Kasus Santri Kadur Efek ORI Difteri""","""MASIHKAH DEPKES INGIN MEMAKSAKAN VAKSINASI???LIHAT INI CONTOH NYO, MENYEDIHKAN SEKALI"
Pembelian Tiket Kapal Ferry Lewat Website atau Aplikasi,pembelian tiket kapal Ferry dapat dibeli melalui website Ferizy
Gelatin Babi pada Beberapa Jenis Makanan," Video yang berdurasi 1 menit 28 detik tersebut membahas makanan yang kira-kira mengandung gelatin babi, seperti gummy bear, pudding, marshmallow, jelly, agar-agar, dan es krim"
Pengisian Daya di Tempat Umum dapat Beresiko Mengalami Pencurian Data,bahaya melakukan pengisian daya di Bandara atau tempat umum dikarenakan dapat mengakses data pribadi
Presiden Jokowi Dorong Pekerja Kantor Jakarta Lakukan Hybrid,"Presiden Joko Widodo mendorong pekerja kantoran di Jakarta untuk melakukan pekerjaan secara hybrid, yang disebarkan oleh akun TikTok John Media pada 15 Agustus 2023"
"Pilkada Sleman, Sri: Merapi Siaga, Warga Rentan Sudah Diungsikan?"," Terlebih, naiknya status Gunung Merapi menjadi siaga (level III) baru-baru ini terjadi di tengah pandemi Covid-19"
Penjelasan MUI terkait Pernyataan Tengku Zulkarnain yang Sebut MUI akan Ajukan Hukuman Potong Tangan Bagi Koruptor," Tengku Zulkarnain yang menjabat sebagai Wakil Sekretaris Jenderal (Wasekjen) mengatakan, aturan tersebut akan diajukan usai Pemilihan Presiden 2019"
Gubernur Khofifah Ajukan Pengangkatan 6.141 Guru Honorer Lolos Passing Grade Jadi PPPK di tahun 2023, Formasi yang diajukan  sebanyak 6
Ricuh saat Laga Persik Kontra Arema, Pada unggahan tersebut juga menampakkan beberapa suporter berkaus Macan Putih yang meneriaki “Arema
Pemotongan Hukuman Ferdy Sambo dan Putri Chandrawati,Ferdy Sambo dan Putri Chandrawati dipotong masa hukumannya
Lahan Hutan Prabowo Ratusan Ribu Hektare,"Pernyataan Jokowi disampaikan untuk menanggapi kritik Prabowo soal banyaknya lahan yang dibagikan kepada rakyat, tetapi lahan untuk pertanian tidak bertambah, sehingga Prabowo khawatir negara akan kekurangan lahan untuk bertani"
Tanduk Rusa Merupakan Kanker yang Terkendali,Tanduk Rusa merupakan kanker tulang yang tumbuh dengan aman
Kominfo Analisis Dugaan 34 Juta Data Paspor yang Bocor,Beredar berita Kominfo yang mangabarkan adanya dugaan kebocoran 34 juta data paspor Indonesia
DOKTER OPERASI MEMAKAI ATRIBUT #2019GANTIPRESIDEN,"DOKTER OPERASI MEMAKAI ATRIBUT #2019GANTIPRESIDENBerdasarkan aduan yang masuk pada tim jabar saber hoaks tentang adanya foto yang beredar di sosial media dokter yang sedang tiga petugas medis di RSUD Ade M Djoen, Kabupaten Sintang, Kalimantan Barat berpose memakai atribut#2019GantiPresiden"
VIRAL VIDEO ANAK SD DIBULLY OLEH TEMAN-TEMANNYA,VIRAL VIDEO ANAK SD DI-BULLY OLEH TEMAN-TEMANNYA[FAKTA]Berdasarkan aduan yang masuk melalui admin Jabar Saber Hoaks
PESAN WHATSAPP GOLD DAN MARTINELLI,"NARASI : ""Hari ini radio berbicara tentang Whatsapp Gold dan itu benar"
Tempat Karaoke Terbakar, Video tersebut diunggah pada 15 Januari 2024 dengan keterangan ‘kebakaran tempat karaoke kota tegal enam orang meninggal
Petugas UPPKB Tertabrak dan Masuk Kolong Truk Barang,Petugas Unit Pelaksana Penimbangan Kendaraan Bermotor (UPPKB) yang masuk kedalam kolong truk saat berusaha menghantikan laju Truk tersebut
PENGHAPUSAN SURAT KETERANGAN TIDAK MAMPU (SKTM) SEBAGAI SALAH SATU JALUR DALAM PENERIMAAN…,tentang Beredarnya pemberitaan Penghapusan Surat Keterangan Tidak Mampu (SKTM) sebagai salah satu jalur dalam penerimaan peserta didik baru (PPDB)
Polisi Jaga Rumah Bos Kapal Api,sebuah rumah dijaga oleh polisi dan terdapat jejeran mobil barracuda hingga water canon
FPI Tidak Menyebarkan Spanduk Habib Rizieq Dukung Khilafah," “Iya tidak benar itu dan kami tidak bertanggung jawab atas pemasangan spanduk oleh orang yang tidak bertanggung jawab itu yang ingin memfitnah kami,” ujar Novel"
Pemutihan Pajak di Jawa Timur, Rentang pemutihan pajak tersebut berlaku mulai 14 april-14 Juli 2023
Anies Diancam Dibunuh saat Live Tiktok,Anies Baswedan diancam dibunuh saat melakukan live streaming di tiktok
" Benar, Cabup Barru Malkan Amin Meninggal Dunia di RSUP Wahidin Sudirohusodo","Bersamaan dengan kabar tersebut, berseliweran juga informasi yang membantah kabar meninggalnya Malkan Amin"
3 Hari Berturut-turut Pemakaman Covid-19 di Malang,"  Sementara berdasarkan data pasien Covid-19  Provinsi Jawa Timur, di Kota Malang terdapat 2 kasus meninggal karena Covid-19 pada tanggal 6 April hingga 10 April 2023"
VIDEO VIRAL ! POLISI KEJAR DAN PUKULI MAHASISWA HINGGA KEDALAM MASJID,informasi Video Viral ! Polisi Kejar Dan Pukuli Mahasiswa Hingga Kedalam Masjid setelah di lakukan penelusuran Informasi tersebut adalah benar terjadi di Sulawesi
Presiden Jokowi Teken Peraturan Pemerintah yang Memuat Menteri-Walikota Tidak Perlu Mundur untuk Maju dalam Kontestasi Pilpres,Presiden Jokowi menandatangani Peraturan Pemerintah No
Pemain Barca Terjangkit Virus Gastroenteritis,pemain Barcelona terjangkit virus Gastroenteritis
Informasi Pihak Kepolisian Akan Bubarkan Warga yang Salat Idul Adha di Jembatan Ampera,"Beredar informasi di media sosial yang menyebutkan bahwa Kasatlantas Polresta Palembang, Andi Baso Rahman, akan membubarkan warga yang salat Idul Adha di Jembatan Ampera, Palembang, Sumatera Selatan"
Pupil Mata Membesar Saat Melihat Orang yang Disuka,pupil mata akan membesar jika melihat orang yang disukai
Philadelpia menjadi Sarang Pecandu Narkoba, Philadelphia menjadi daerah kumuh yang menyeramkan di Amerika Serikat
FPI Tidak Menyebarkan Spanduk Habib Rizieq Dukung Khilafah,"Front Pembela Islam (FPI) membantah telah memasang dan menyebarkan spanduk bergambarkan Imam Besar FPI Habib Rizieq Shihab mendukung khilafah di sejumlah titik Kota Depok, Jawa Barat"
Wakil Bupati Blitar Ancam Mengundurkan Diri dari Jabatannya,Wakil Bupati Blitar ancam mengundurkan diri karena ajudan sang istri dimutasi oleh Bupati
Foto “Salam Dua Jari” Kapolda Sumut Paulus Waterpauw Bersama Ketua Relawan Djarot-Sihar, Banyak masyarakat yang menuduh Kepolisian Sumut tidak netral dalam Pilkada Sumut 2018
Suara Dentuman Dari Dalam Tanah Madura," Video tersebut diunggah oleh Khairul azam alfarizi pada 13 Juni 2023 dengan keterangan ‘Viral saat ini dari Sumenep Madura, Suara dari dalam bumi di madura”"
"Pilkada Sleman, Sri: Merapi Siaga, Warga Rentan Sudah Diungsikan?","Selain itu, dirinya mengungkapkan pula soal keharusan akan diterapkannya protokol kesehatan di barak pengungsian Merapi"
Bahaya Mainan Bebek Karet,mainan bebek karet yang berwarna kuning mengandung banyak bakteri jahat
"Penggalian Saluran Air di Penjaringan, Jakarta Utara Bukan Proyek Palyja"," “Perlu diklarifikasi bahwa itu bukan Palyja tapi PAM Jaya,” ujar Sandiaga"
WARGA SUKABUMI ROBOHKAN RUMAH KADES,kebenaran kalau ada warga Sukabumi yang merobohkan rumah Kades
Kerusuhan Gacoan Ambengan Surabaya," Dalam video tertulis kerusuhan tersebut terjadi di Gacoan Aambengan, Surabaya dan mengaitkan antara pekerja gacoan dengan ojek online"
Bahaya Menaruh Batu Diatas Rel, Roda kereta api yang tersangkut benda padat seperti batu atau besi akan menempel pada roda hingga bisa akibatkan anjlok pada kereta api
Selebaran Poster Acara Penobatan Miss Waria Banten 2018,Beredarnya poster tersebut membuat warga Banten terkejut dan mengecam keras acara penobatan Miss Waria 2018 ini
"VIDEO TIKTOK INI UNGKAP CACING DAN SERANGGA KECIL DI KULIT STROBERI, BEGINI CARA…",VIDEO BUAH STRAWBERRY KELUARKAN SERANGGA SETELAH DIRENDAM DALAM AIR GARAM
Anies Diancam Dibunuh saat Live Tiktok, Pengunggah hanya memberi keterangan “ANIES DIANCAM DITEMBAK”
VIRAL VIDEO ANAK SD DIBULLY OLEH TEMAN-TEMANNYA," Yang menanyakan kebenaran video yang viral, mengenai anak SD yang dibully oleh teman-temannya, walau sudah menangis tetap disiksa"
Video Viral Polisi Menendang Muka Ibu-Ibu,Informasi yang beredar menyebutkan bahwa peristiwa itu terjadi lantaran si ibu menjatuhkan HP milik anak AKBP Yusuf hingga pecah
Pelatih Silat Vietnam Nantang Baku Hantam Pelatih Asal Indonesia,seorang laki-laki berbaju hitam bertuliskan Vietnam sedang cekcok dengan laki-laki lainnya
"JIKA NANTI JOKOWI DAN MARUF TIDAK TERPILIH, NU HANYA AKAN MENJADI FOSIL DI MASA…","[BERITA]Beredar video yang berdurasi 1 menit 26 detik itu seorang ulama menyampaikan keresahaannya di depan Ma’ruf Amin dengan mengatakan jika nanti Jokowi dan Ma’ruf tidak terpilih, NU hanya akan menjadi fosil di masa depan"
Ketum PEPES Bantah Emak-emak Ditangkap di Karawang Anggotanya,“Mereka itu dari relawan Pepes
Tupperware Terancam Alami Kebangkrutan,tentang tupperware yang mengalami masa kebangkuran
PANJAT PINANG ADALAH SIMBOL CARA PENJAJAH MELECEHKAN PRIBUMI,PANJAT PINANG ADALAH SIMBOL CARA PENJAJAH MELECEHKAN PRIBUMI
Tupperware Terancam Alami Kebangkrutan, Postingan tersebut diunggah 12 April 2023
Seorang Wanita Siram Air Kencing ke Rumah Tetangga, Dalam keterangan video yang diunggah pada 12 Mei 2023 menyebutkan viral emak-emak di Sidoarjo siram air kencing ke rumah tetangga
Penganiayaan di Dalam Bus,adegan penganiayaan seorang pria kepada wanita di dalam bus
Waduk Kedungombo Bekas Pemukiman, Pengunggah juga menyebut   bekas pemukiman tersebut terlihat saat air di Waduk surut
Kecelakaan di Jalur Klemuk Kota Batu,"terjadi kecelakaan di Kota Batu pada Selasa, 16 Mei 2023"
"Pilkada Sleman, Sri: Merapi Siaga, Warga Rentan Sudah Diungsikan?"," Mengawali jawabannya, sebagai wakil bupati petahana, Sri memaparkan tindakan Pemkab Sleman menyikapi kenaikan status Merapi"
Aksi Gerak Jalan di Bangkalan Ricuh,adanya Lomba Gerak Jalan dalam Rangka Memperingati HUT Ke-78 RI berakhir ricuh
Prabowo Sebut Kekayaan RI Banyak Berada di Luar Negeri,"Calon presiden nomor urut 02 Prabowo Subianto menyebut banyak kekayaan Indonesia tidak berada di dalam negeri, melainkan mengalir ke luar negeri"
Penipuan List Order di Tiktok Melalui Pesan Whatsapp," Pada unggahan tersebut, terduga korban mendapatkan pesan dari calon pelanggan di online shop"
Kebakaran di Kawasan Gunung Bromo,Kawasan Gunung Bromo mengalami kebakaran
Modus Penipuan Mengatasnamakan PLN,waspada pada bentuk penipuan yang mengatasnamakan PLN dengan modus penggantian nomer pelanggan (No ID)
VIDEO PROSES PENGOLAHAN MEMATANGKAN PISANG DENGAN INSTAN DENGAN BAHAN CAIRAN,VIDEO PROSES PENGOLAHAN MEMATANGKAN PISANG DENGAN INSTAN DENGAN BAHAN CAIRAN
Oknum TNI Viral Tendang Motor Minta Maaf,Beredar sebuah potongan video di TikTok memperlihatkan oknum TNI viral yang menendang ibu dan anak di Bekasi sedang berlutut meminta maaf
Penganiayaan di Dalam Bus, Lalu pria genit tersebut marah dan menganiaya di dalam bus
Lurah di Kota Bima Copot Banner Acara Transpuan,salah seorang Lurah di Kota Bima mencopot banner dalam gelaran acara ulang tahun transpuan
Video Viral Polisi Menendang Muka Ibu-Ibu,"Beredar sebuah video yang memperlihatkan seorang oknum polisi menendang ibu paruh baya di minimarket Graha Loka Selindung Pangkal Pinang, Kepulauan Bangka Belitung, viral di media sosial"
Tanah Longsor di Desa Tumpakpelem Ponorogo,"terasering di Desa Tumpakpelem, Ponorogo mengalami longsor oleh akun Ponorogo Update Berita pada 4 Mei 2023"
Pemain Barca Terjangkit Virus Gastroenteritis, Pada narasinya dikabarkan   Tim Blaugrana (Sebutan Barca) membatalkan tur pramusimnya melawan Juventus
Penjelasan MUI terkait Pernyataan Tengku Zulkarnain yang Sebut MUI akan Ajukan Hukuman Potong Tangan Bagi Koruptor, Aturan tersebut adalah tentang hukuman potong tangan bagi pencuri dan koruptor
Kemiskinan di Kabupaten Mamuju Semakin Meningkat," Dalam sesi pemaparan visi-misi pasangan 01 Sitti Sutinah Suhardi dan Ado Mas’ud menyebutkan bahwa “Kemiskinan menjadi masalah utama, ketimpangan antara desa dan kota terjadi, IPM dan PDRB semakin rendah, kemiskinan semakin meningkat,” sebut Sitti Sutinah Suhardi"
Penjelasan Bupati Nduga Terkait Foto Anaknya sedang Memegang Bendera Bintang Kejora,Akun Instagram bernama rockdoggs telah memposting sebuah foto yang memperlihatkan seorang pemuda yang sedang memegang bendera Bintang Kejora dengan caption ‘Tidak bisa menyangkal jati diri sebagai ank Bangsa Papua’ MERDEKA dengan dibumbui emoji kepalan tangan dan 100 persen # lawan #merdeka
Pembelian Tiket Kapal Ferry Lewat Website atau Aplikasi, Metode pembayaran yang tersedia disana juga beragam dan memudahkan penumpang kapal ferry dalam mencari informasi ketersediaan jadwal
Penjelasan MUI terkait Pernyataan Tengku Zulkarnain yang Sebut MUI akan Ajukan Hukuman Potong Tangan Bagi Koruptor, Dia menyebut MUI sedang menggodok aturan baru yang sesuai dengan syariat Islam bagi pencuri dan koruptor
Gunung Baluran Terbakar,"Gunung Baluran Terbakar dengan keterangan ‘Gunung Baluran terbakar, per hari ini Taman Nasional Baluran ditutup dalam rangka upaya pemadaman mulai tanggal 25-30 September 2023’"
Korupsi di Bank Jatim,000 dan membuat berita acara cash opname sehingga selisih Kas ATM tidak diketahui
WABAH PENYAKIT DBD DI KOTA CIMAHI,kebenaran wabah penyakit DBD yang sedang dialami oleh warga Kota Cimahi
"Pilkada Sleman, DWS: Hampir Setengah APBD buat Belanja Pegawai?",Debat putaran ketiga Pilkada Sleman 2020 digelar pada Kamis (12/11/2020) malam
Isbat Nikah dan Nikah Baru Masal di Surabaya,00 di Grand Empire Palace Surabaya
"Lambangnya Dicatut Sekber Gerindra-PKS, PBB Beri Klarifikasi"," “Pencantuman logo PBB dalam rumah sekretariat bersama tanpa konfirmasi ke saya selaku Ketua Bidang Pemenangan Presiden dan tanpa ada surat ke Sekretariat Jenderal PBB,” ujar Sukmo"
Barcode dari Menristekdikti terhubung dengan website keberhasilan Jokowi, Website itu berisi keberhasilan Presiden Joko Widodo memerintah selama 4 tahun
Kenaikan Suhu di Kawasan Asia,Beredar sebuah pesan berantai di WhatsApp yang berisi tentang suhu udara yang memanas di Kawasan negara Asia
"VIDEO TIKTOK INI UNGKAP CACING DAN SERANGGA KECIL DI KULIT STROBERI, BEGINI CARA…","Beredar tayangan sebuah video, setelah direndam dalam air garam sekitar 10-15 menit buah strawberry mengeluarkan serangga kecil"
BELI PEMPEK DAN NASI BUNGKUS DI PALEMBANG KENA PAJAK 10 PERSEN," Peraturan tersebut merupakan Peraturan Daerah Kota Palembang tahun 2002 tentang pajak restoran, dengan besaran pajak restoran 10 persen"
"Kabel Listrik Dipotong Pencuri, Sidotopo Lor Surabaya Mati Listrik 8 Jam",tindak kriminal berupa pemotongan kabel listrik oleh pencuri hingga mengakibatkan mati listrik selama 8 jam
Amien Rais menyebut 74 persen tanah di Indonesia dikuasai segelintir orang.,"Pernyataan Ketua Dewan Kehormatan Partai Amanat Nasional (PAN) Amien Rais disampaikan pada diskusi 'Bandung Informal Meeting' yang digelar di Hotel Savoy Homman, Jalan Asia Afrika, Bandung, Minggu 18 Maret 2018"
Paus Terdampar di Surabaya," Video diunggah pada 16 Mei 2023 oleh akun TikTok wahyuningtiah39 menuliskan keterangan peristiwa Surabaya,Jawa Timur"
3 Hari Berturut-turut Pemakaman Covid-19 di Malang," Kepala UPT Pemakaman Kota Malang tidak dapat memastikan pemakaman yang menggunakan protokol Covid-19 memang pasien Covid-19 atau tidak, sebab pemakaman tersebut berdasarkan permintaan dari Rumah Sakit"
Hadiah Umrah dari Jalan Santai diganti TV dan Dispenser,pemenang hadiah utama umrah pada acara jalan sehat diganti menjadi TV dan dispenser
Informasi Pihak Kepolisian Akan Bubarkan Warga yang Salat Idul Adha di Jembatan Ampera,"“Ya akan kami bubarkan bila salat di atas jembatan atau tutup jalur utama,” tegas Andi, Senin (20/8)"
Oknum Pendekar Silat terancam Tak Bisa Urus SKCK Seumur Hidup,Polres Gresik mengancam para pendekar silat jika berbuat rusuh lagi makan tidak akan bisa mengurus SKCK Seumur hidup
Kereta Cepat Jakarta-Bandung Tembus 300 KM/Jam,sebuah kereta melaju dengan keterangan ‘Kereta Cepat Jakarta-Bandung Tembus 300 Km/Jam’ yang diunggah oleh akun TikTok Bernama Raha pada 21 Juni 2023
PA 212 Tolak Kehadiran Coldplay di Indonesia,PA 212 tolak kehadiran coldplay di Indonesia karena mereka adalah pendukung LGBT dan Atheis
HIMBAUAN PEMERINTAH RI KEPADA MASYARAKAT INDONESIA UNTUK MENGIBARKAN BENDERA SETENGAH…,"HIMBAUAN PEMERINTAH RI KEPADA MASYARAKAT INDONESIA UNTUK MENGIBARKAN BENDERA SETENGAH TIANG TANGGGAL 12-14 SEPTEMBER 2019, SEBAGAI HARI BERKABUNG NASIONAL ATAS MENINGGALNYA BAPAK B"
Suara Dentuman Dari Dalam Tanah Madura,terdengar suara seperti ketukan dari dalam tanah di Pulau Madura
Kades Tolak Kegiatan Bersih-Bersih Sampah di Pantai oleh Influencer,seorang kepala desa menolak kegiatan bersih-bersih sampah di pantai oleh Pandawara Grup (influencer)
ADANYA INFORMASI PREDIKSI BENCANA ALAM DI TAHUN 2019 YANG DI BUAT OLEH BNPB,500 kejadian bencana yang terjadi di seluruh wilayah Indonesia
Johnny G. Plate tersandung Kasus Korupsi BTS Senilai 8 Triliun,terkait menkominfo yang ditetapkan tersangka kasus korupsi proyek Base Transceiver Station (BTS)
Anggota TNI Dirampok Saat Naik Travel,tentang anggota TNI-AL yang Dirampok saat sedang melakukan perjalanan menggunakan travel
Klaim Prabowo Terkait Operasional Pelabuhan Indonesia Diberikan Pihak Asing,"""Strategi kita berbeda, prihatin dengan pelabuhan kita di Indonesia operasionalnya di berikan kepada asing,"" kata Prabowo Subianto dalam Debat Capres kedua, Minggu (17/2)"
Perubahan Rute Praktik SIM C,Beredar informasi rute ujian praktik SIM (Surat Izin Mengemudi) C berubah
Puncak Jam Menara Makkah Tersambar Petir," Tampak sambaran petir bercabang berwarna ungu, kuning menyambar menara makkah"
Video Pria Mengapung di Bawah Jembatan Suramadu, Dalam video tersebut juga memperlihatkan warga yang berdatangan di pinggir jembatan
Penutupan Jalan Raya Waru 24-26 Agustus 2023,"Jalan Raya Waru ditutup pada 24-26 Agustus 2023, informasi tersebut diunggah oleh akun TikTok Amank pada 22 Agustus 2023"
"MEDIA SOSIAL FACEBOOK, INSTAGRAM DAN WHATSAPP MENGALAMI GANGGUAN SECARA GLOBAL","[BERITA]Tim Jabar Saber Hoaks memperoleh aduan yang menanyakan kebenaran informasi Media sosial Facebook, Instagram dan WhatsApp mengalami gangguan secara global"
BUBUK SILICA GEL BERBAHAYA DAN BISA MELEDAK KETIKA DICAMPUR AIR,"menanyakan kebenaran berita dari bahayanya bubuk Silica Gel yang dapat meledak dan menyembur jika dicampur dengan air dalam botol, kasus ini terjadi di Tiongkok yang cairan Silica Gel terkena mata seorang anak laki-laki dan mengakibatkan sebelah matanya buta total"
Buaya Muncul di Pantai Anyer, Dalam keterangan video tertulis terdapat seekor buaya di pantai dengan caption himbauan untuk tetap berhati-hati
"Bentrokan di Tlogomas, Malang",telah terjadi bentrokan oleh warga Atambua dengan Manggarai di Malang
Kenaikan Suhu di Kawasan Asia," Dalam pesan berantai, terdapat gambar yang berisi negara beserta suhu di negara tersebut"
Benarkah selama puluhan tahun banyak perusahaan besar meninggalkan limbah dan tidak membayar pajak?,"Dalam arena debat calon presiden kedua, di Hotel Sultan, 17 Februari 2019, calon presiden Prabowo Subianto menyatakan, ""Selama puluhan tahun perusahaan besar meninggalkan limbah dan tidak membayar pajak"
Deretan Kata Sandi yang Sering Digunakan pada 2023,deretan kata sandi yang sering digunakan pada tahun 2023
PESAN WHATSAPP GOLD DAN MARTINELLI,Telah beredar pesan singkat terkait sejumlah pengguna whatsapp menerima pesan yang isinya untuk tidak membuka WhatsApp Gold
"RATUSAN ORANG GILA DI KABUPATEN BOGOR ""DIPAKSA"" BIKIN KTP ELEKTRONIK",kebenaran Ratusan orang gila atau Orang dengan gangguan Jiwa (ODGJ) di Kab Bogor dipaksa bikin KTP Elektronik
Deklarasi Demokrat Dukung Prabowo, Informasi tersebut diunggah di TikTok pada 22 September 2023 dengan keterangan ‘deklarasi resmi partai democrat mendukung pak Prabowo presiden RI 2024’ dan menampilkan Agus Harimurti Yudhoyono (AHY) berpidato di mimbar
Foto “Salam Dua Jari” Kapolda Sumut Paulus Waterpauw Bersama Ketua Relawan Djarot-Sihar,"Foto Kapolda Sumut Irjen Paulus Waterpauw bersama dengan Meryl Saragih yang dalam akun media sosialnya merupakan Ketua Relawan Djarot-Sihar, keduanya pun tampak menunjukkan salam 2 jari"
Puncak Hujan Meteor 13 Agustus,adanya puncak hujan meteor Perseid pada 13 Agustus 2023
BPJS Hentikan Meng-cover Biaya Pengobatan Kanker,“Saya teringat kisah ibu Lis yang pengobatannya harus disetop karena BPJS tidak lagi meng-cover
"Penggantian QRIS di Masjid Nurul Iman, Jakarta Selatan.",seorang pria yang mengganti kode Quick Response Code Indonesia Standart (QRIS) masjid dengan QRIS miliknya
Kandang Ayam di Boyolali Didemo Warga Karena Bau Kotoran Ayam," Dalam unggahan video tersebut dijelaskan bahwa warga Desa Winong, Kecamatan Boyolali Kota, Kabupaten Boyolali, mengeluhkan aroma tak sedap limbah kotoran hewan dari peternakan ayam di wilayah tersebut"
Baso A Fung Musnahkan Mangkok Karena Ulah Pelanggan,tentang Baso A Fung yang memusnahkan peralatan makannya 
PESAN WHATSAPP GOLD DAN MARTINELLI,"NARASI : ""Hari ini radio berbicara tentang Whatsapp Gold dan itu benar"
"Jokowi : ""Indonesia adalah negara penduduk muslim terbesar""","""Di forum internasional selalu saya sampaikan Indonesia adalah negara penduduk muslim terbesar karena banyak yang belum tahu posisi kita itu,"" kata dia dalam Debat Capres di Shangri-La Hotel, Jakarta Pusat, Sabtu (30/3/2019)"
"“Temuan Stempel Berlogo Palu Arit, Pemkab Morowali Imbau Warga Tenang”"," Wanxiang, di Morowali, Sulawesi Tengah, Gubernur Minta Diusut TNI, Bukan Diusut Polisi…Semoga Diusut TUNTAS"
4 Unicorn Indonesia yang Dibanggakan Jokowi,000 startup baru yang kita hubungkan dengan inkubator global
"Pilkada Sleman, Sri: Merapi Siaga, Warga Rentan Sudah Diungsikan?"," Kemudian ketika awas, mereka akan dikumpulkan ke titik kumpul, akan bersama-sama mengungsi juga di barak pengungsian,"" kata dia"
Philadelpia menjadi Sarang Pecandu Narkoba, Keterangan dibuat para manusia yang berperilaku aneh tersebut adalah pecandu narkoba yang disebut fentanil
Mahasiswi  Undip Meninggal Saat Mendaki di Gunung Lawu,Mahasiswi Universitas Diponegoro Semarang meninggal saat mendaki Gunung Lawu
KECELAKAAN BUS KRAMAT JATI DI CICALENGKA KAB. BANDUNG,KECELAKAAN BUS KRAMAT JATI DI CICALENGKA KAB
"""Pare Tidak Serta-merta Bisa Menyembuhkan Kanker""","Menggunakan pare dalam mengobati kanker,hanya akan mematikan sel sel jahat tumor,dia tidak akan mempengaruhi sel sel yg sehat"
Seleksi CPNS dibuka Tiga Periode,CPNS 2024 dibuka pada bulan maret 2024
"Surat Suara Ditemukan Sudah Tercoblos di TPS Malaka, Begini Faktanya","Informasi surat suara yang telah tercoblos tersebut bermula dari unggahan akun Buyung Must KLU di media sosial, facebook sekitar pukul 10"
HARGA BBM DIGADANG NAIK,harga BBM yang akan kembali naik pasca kemenangan Presiden Jokowi dan K
Banjir Lahar Dingin Semeru,banjir besar dengan keterangan ‘banjir lahar dingin semeru’
Kemiskinan di Kabupaten Mamuju Semakin Meningkat,Debat publik putaran terakhir pasangan calon Bupati Mamuju dan Wakil Bupati Kabupaten Mamuju tahun 2020 berlangsung di Hotel Maleo Mamuju
Jokowi: Kapal Nelayan di Bawah 10 GT Tidak Perlu Izin,"""Kami akan buat BUMN-BUMN khusus di bidang laut dan perikanan, kita latih nelayan-nelayan"
WABAH PENYAKIT DBD DI KOTA CIMAHI, Bahwa banyak broadcast yang beredar di group-gorup WA agar masyarakat dapat mencegah penyebaran DB dengan membakar obat nyamuk di setiap ruangan rumah
DISNAKERTRANS CIANJUR MENEMUKAN TKA MEMILIKI KTP, Akun tersebut menuliskan berita bahwa Disnakertrans Cianjur menemukan seorang Tenaga Kerja Asing (TKA) yang memiliki Kartu Tanda Penduduk (KTP) saat melakukan sidak ke sejumlah perusahaan di Cibeber dan Campaka
Video Aksi Pencurian DPRD Sumatra Utara,seorang laki-laki terekam aksi pencurian jam tangan pekerja toko smartphone
"BENDERA PARTAINYA HADIR DI KAMPANYE PRABOWO, GOLKAR: ITU PALSU",kebernaran berita yang beredar kalau bendera partai golkar berkibar dalam kampanye Prabowo
Pemilik Mobil Naik di Atas Kap untuk Menggagalkan Aksi Pencurian di Blitar,pemilik mobil yang berada di atas kap untuk menggagalkan aksi pencurian di Blitar
Pemerintah Resmi Cabut Aturan Wajib Masker,com yang memberitakan terkait Pemerintah yang resmi mencabut aturan penggunaan masker
Susu Kental Manis Tidak Cocok untuk Anak,Iklan-iklan bergam produk SKM itu pun kerap mengklaim sebagai produk bernutrisi yang bermanfaat bagi kesehatan dan pertumbuhan anak
Uin Raden Intan Lampung Luluskan Doktor Manajemen Pendidikan Islam Non-Muslim,tentang seorang Doktor lulusan prodi  S3 Manajemen Pendidikan Islam di UIN Raden Intan Lampung (UIN RIL)
Pemerintah Gratiskan Tiket Kereta Cepat Jakarta-Bandung,Beredar kabar pemerintah akan menggratiskan tiket kereta cepat Jakarta-Bandung dalam 3 bulan
Suara ‘Krek’ pada Jari atau Leher Disebabkan Pecahnya Gelembung Gas,suara ‘krek’ pada Jari atau Leher disebabkan pecahnya gelembung gas pada cairan sendi dan akan muncul kembali selama 20 menit
BPJS KESEHATAN KINI TAK LAGI GRATIS," Hal tersebut Meski belum resmi berlaku Permenkes 51/2018, namun tata kelola layanan BPJS tak lagi berlaku gratis"
Korupsi di Bank Jatim, Dalam unggahan tersebut tertulis bahwa Obin Saputra selaku staf utama di Bank Jatim Cabang utama Surabaya dikabarkan mengambil sisa uang kas pada mesin ATM sebesar Rp 2
PAC PDIP Tenggilis Mejoyo Surabaya tangkap pelaku politik uang di Kendangsari,Warga di Kendangsari dikabarkan menangkap pelaku money politics (politik uang) pada Selasa malam (08/12/2020)
Wali Kota Kediri Mundur,Abdullah Abubakar mengundurkan diri dari kursi wali kota Kediri
"Sebagian Benar, Klaim Jokowi Soal Hampir Tidak Ada Konflik Pembebasan Lahan","Hal tersebut disampaikan oleh Jokowi dalam debat bersama Calon Presiden 02 Prabowo Subianto di Jakarta, Minggu (17/2) malam"
"Bentrokan di Tlogomas, Malang"," Dalam keterangannya, lokasi bentrokan terjadi di daerah Tlogomas, Kota Malang"
Kebakaran di Kawasan Gunung Bromo, Kabar tersebut disebarkan oleh akun TikTok pada 4 September 2023 dengan keterangan ‘Penanjakan Bromo kebakaran’
Bus Listrik Surabaya Mangkrak, Diketahui bust tersebut merupakan Trans Semanggi Suroboyo yang mangkrak karena tidak ada dana
Kandang Ayam di Boyolali Didemo Warga Karena Bau Kotoran Ayam,kandang ayam di Boyolali didemo warga karena bau kotoran ayam
Mobil Listrik BMW IX dapat Berubah Warna dalam Sekejap,Mobil BMW IX dapat berubah warna dalam hitungan detik
Kandang Ayam di Boyolali Didemo Warga Karena Bau Kotoran Ayam, Warga resah karena bau tak kunjung hilang
Oknum TNI Viral Tendang Motor Minta Maaf, Dalam keterangannya tertulis ‘Oknum TNI yang Tendang Motor Berlutut Minta Maaf’
"TUNTUNAN PENGGUNAAN PENGERAS SUARA DI MASJID, LANGGAR, DAN MUSHALLA","TUNTUNAN PENGGUNAAN PENGERAS SUARA DI MASJID, LANGGAR, DAN MUSHALLA"
Tidak Ada Manfaat Menggunakan Metode Menggoyangkan Tangki Saat Pengisian Bensin, Dalam artikel tersebut juga terdapat pengamatan secara fisika yang menyebutkan tidak ada perbedaan yang signifikan antara mengisi bensin tidak digoyang-goyangkan dengan menggoyangkan mesin
3 Hari Berturut-turut Pemakaman Covid-19 di Malang,terjadi pemakaman dengan protokol kesehatan covid-19 selama 3 hari berturut-turut di Malang
KECELAKAAN BUS KRAMAT JATI DI CICALENGKA KAB. BANDUNG," BANDUNGTelah masuk laporan masuk dari warga jabar, melalui Admin Instagram Jabar Saber Hoaks, menanyakan kebenran kabar terjadinya kecelakaan Bus Kramat Jati di Cicalengka Kab"
Polisi Jaga Rumah Bos Kapal Api," Dalam video tersebut juga terdapat keterangan bahwa rumah yang dijaga polisi adalah milik bos Kapal Api, yang sedang menghadapi tuntutan pembayran pesangon dan THR karyawan"
4 Unicorn Indonesia yang Dibanggakan Jokowi, Jokowi pun akan menyiapkan  program 1
Klarifikasi Ridwan Kamil Terkait Foto 'Bowo'," Mereka menyangka, Bowo yang dimaksud adalah Prabowo Subianto dan Ridwan Kamil menyindir Prabowo dengan postingannya tersebut"
Benarkah Polisi Menurunkan Bendera-bendera Peserta Piala Dunia 2018 di Kabupaten Sorong?,"Di tengah berlangsungnya Piala Dunia FIFA,  beredar empat foto yang menggambarkan polisi menurunkan bendera Brazil dan Jerman dari rumah warga di Kabupaten Sorong, Provinsi Papua Barat"
Ricuh saat Laga Persik Kontra Arema,adanya kericuhan saat laga Persik Kediri melawan Arema
KECELAKAAN BUS JEMBATAN CIKOPO - GARUT ARAH BANDUNG,KECELAKAAN BUS KRAMAT JATI DI CICALENGKA KAB
Truk Pengangkut Metanol Terbakar di Tol Jombang,peristiwa kebakaran di jalan Tol dengan keterangan ‘Truk tangka muatan Metanol terbakar di KM 673/350 Jalur B Tol Jombang-Mojokerto
Susu Kental Manis Tidak Cocok untuk Anak,Iklan produk susu kental manis (SKM) kerap bercerita tentang aktivitas yang penuh semangat dari sebuah keluarga
CEO Perusahaan Teknologi India Vistex Meninggal," Kabar tersebut disebarkan di TikTok pada 23 Januari 2024 dengan keterangan ‘CEO perusahaan teknologi India Vistex, jatuh dan meninggal saat pesta perayaan 25 tahun perusahaan"
Pagar Rumah Warga di Lampung Timur Dirusak oleh Orang Tidak Dikenal, Infromasi yang dimuat adalah cupikan video perusakan pagar warga Lampung Timur oleh beberapa orang tidak dikenal (OTK)
PSI Berikan Kebohongan Award untuk Prabowo," Pengunggah turut memberikan keterangan, “Halo Sobat PSI, semoga ini masih disimpan dan besok diberikan langsung ke Prabowo”"
"CORONA MELANDA, BEBERAPA DISPENDA KOTA/KABUPATEN BERIKAN INSENTIF TAGIHAN PBB"," Dalam kabar itu disebutkan, untuk mendapatkan insentif PBB, para wajib pajak harus datang langsung ke kantor Dinas Pendapatan Daerah kota/kabupaten"
Jokowi: Kapal Nelayan di Bawah 10 GT Tidak Perlu Izin,"Awalnya, Prabowo mengatakan bahwa nelayan-nelayan miskin tidak punya akses ke teknologi, modal, kapal, dan dibatasi peraturan-peraturan yang membuat mereka kesulitan"
Tempat Karaoke Terbakar,"telah terjadi kebakaran di tempat karaoke Kota Tegal, Jawa Tengah"
"Jokowi : ""Indonesia adalah negara penduduk muslim terbesar""",Jokowi mengatakan dalam debat tersebut jika tercatat Indonesia memilik penduduk beragama Islam terbesar di dunia
Selebgram Satria Mahatir Bebas Dari Bui,selebgram Satria Mahatir yang bebas dari penjara
VIDEO SEORANG ANGGOTA POLISI TUNJUKAN MODUS PENYEBARAN NARKOBA DALAM MAINAN BOLA…,kebenaran video seorang anggota polisi tunjukan modus penyebaran narkoba dalam mainan bola anak
Penemuan Mayat di Benteng Peluru Kedung Cowek Surabaya,"tentang penemuan jenazah wanita di Benteng Peluru, Kedung Cowek Surabaya"
"Debat Pilkada Solo: Bajo Klaim Cagar Budaya Di Solo Banyak Yang Dijual, Ini Faktanya!","""Karena kita tahu bahwa di Kota Solo banyak cagar budaya yang terjual dan sebagainya"
ADANYA INFORMASI PREDIKSI BENCANA ALAM DI TAHUN 2019 YANG DI BUAT OLEH BNPB,Adanya Informasi Prediksi Bencana Alam di Tahun 2019 yang di Buat Oleh BNPB Beredar informasi di Media Sosial tentang Prediksi Bencana Alam yang di keluarkan oleh BNPB tentang potensi bencana alam yang mencapai 2
"Dieng Suhu Minus 3,5 derajat Celcius", Akun tiktok MonutNesia juga mengabarkan   kenaikan suhu itu juga terjadi di Basecamp Prau yang suhunya sudah mencapai 3 derajat celcius
Cokelat adalah Makanan yang Wajib Dihindari Ibu Menyusui,cokelat merupakan makanan wajib yang perlu dihindari oleh ibu menyusui
Klaim Prabowo Terkait Operasional Pelabuhan Indonesia Diberikan Pihak Asing,"Calon Presiden (Capres) nomor urut 02, Prabowo Subianto dalam debat Capres kedua yang digelar hari ini, Minggu (17/2) disegmen tanya jawab mengatakan, prihatin dengan pelabuhan di Indonesia operasionalnya diberikan kepada pihak asing"
Polisi Bongkar Gundukan Tanah yang Berisi Jenazah di Sampang,Polisi bongkar gundukan tanah yang berisi jenazah di Sampang Madura
INFORMASI RENCANA KENAIKAN IURAN PESERTA BPJS,[KLARIFIKASI FAKTA]Tim Jabar Saber Hoaks menerima aduan yang menanyakan kebenaran dari informasi Rencana Kenaikan Iuran Peserta BPJS
Bahaya Mainan Bebek Karet, Dalam unggahannya menampilkan informasi   level bakteri jahat pada mainan bebek karet sangat tinggi
Pupil Mata Membesar Saat Melihat Orang yang Disuka, Dalam unggahan tersebut tertulis ‘katanya kalau lihat orang yang disuka pupil mata membesar’
" Benar, Cabup Barru Malkan Amin Meninggal Dunia di RSUP Wahidin Sudirohusodo","Informasi tersebut menyebutkan, bukan Malkan Amin yang meninggal dunia, tetapi orang tuanya"
CALON PASKIBRA YANG GAGAL TERPILIH DIDUGA KARENA DI GANTI ANAK PEJABAT, labuhan batu di tengah perjalanan diberhentikan demi masuknya anak seorang pejabat yang tak pernah mengikuti tahap seleksi
"Jokowi : ""Indonesia adalah negara penduduk muslim terbesar""", Dalam Segmen ke-3 Joko Widodo mengatakan jika Indonesia merupakan negara yang memiliki penduduk islam terbesar di dunia
MITRA OJEK ONLINE DISERANG HOAKS RACUNI PESANAN MAKANAN KONSUMEN," Menurut si pembuat pesan, hal itu dilakukan oleh anggota ISIS yang menyamar menjadi mitra ojol"
Penutupan Jalan Raya Waru 24-26 Agustus 2023, Dalam unggahannya tertulis penutupan Jalan Raya Waru dilakukan selama 3 hari mulai tanggal 24-26 Agustus yang hanya menggunakan sisi timur Jalan Raya Waru
"Pilkada Sleman, Sri: Merapi Siaga, Warga Rentan Sudah Diungsikan?","Ia mengatakan bahwa saat ini kelompok rentan -- warga lanjut usia (lansia), anak-anak, balita, ibu hamil, ibu menyusui, hingga penyandang disabilitas -- telah diungsikan"
Warga Keturunan Tionghoa Tidak Boleh Memiliki Aset di Yogyakarta," Narator menyebutkan kejadian tersebut berawal pada 1948 saat mempertahankan kemerdekaan NKRI, etnis Tionghoa saat itu mendukung Belanda"
Video Aksi Pencurian DPRD Sumatra Utara," Dari video tersebut, terlihat aksi pencurian dengan memasukan jam tangan pegawai toko ke dalam sakunya Dalam keterangan video tersebut tertulis anggota DPRD Sumatra Utara dipolisikan karena diduga mencuri jam tangan pekerja toko"
"MEDIA SOSIAL FACEBOOK, INSTAGRAM DAN WHATSAPP MENGALAMI GANGGUAN SECARA GLOBAL","MEDIA SOSIAL FACEBOOK, INSTAGRAM DAN WHATSAPP MENGALAMI GANGGUAN SECARA GLOBAL"
Selebaran Poster Acara Penobatan Miss Waria Banten 2018,"Media sosial di Banten heboh dengan selebaran poster Miss Waria Banten 2018 yang diadakan pada hari Minggu (22/7) di sebuah restoran yang berada di Pantai Pasir Putih, Carita, Pandeglang"
Masriah Halangi Pengantaran Material ke Rumah Tetangga,"Masriah kembali berulah dengan menghalang-halangi pengantaran material ke rumah tetangganya, Wiwik"
Kecelakaan Rombongan Bus SMAN 1 Sidoarjo," Informasi tersebut disebarkan pada 18 Januari 2024 dengan keterangan ‘Rombongan Bus SMAN 1 Sidoarjo Kecelakaan di Tol Ngawi, 1 MD"
Mahasiswi  Undip Meninggal Saat Mendaki di Gunung Lawu, Diketahui korban mendaki melalui jalur Cetho Kabupaten Karanganyar
Ikan Sapu-Sapu Invasi Danau Tempe,Danau Tempe telah diinvasi dengan Ikan Tokke atau Ikan Sapu-Sapu
Prabowo Sebut Kekayaan RI Banyak Berada di Luar Negeri,"Pernyataan itu disampaikan Prabowo ketika mengikuti debat calon presiden kedua, di Jakarta, Minggu (17/2/2019)"
Masriah Dilaporkan Lagi Secara Perdata,"Id yang menginformasikan penyiram kotoran di rumah tetangga, Masriah dilaporkan kembali secara perdata"
KANDUNGAN ALKOHOL DALAM CAIRAN FRAMBOZEN,"kebenaran kandungan Alkohol dalam cairan Frambozen, atau sebagai essence makanan, yang biasa digunakan sebagai pewarna makanan, atau minuman"
KECELAKAAN BUS JEMBATAN CIKOPO - GARUT ARAH BANDUNG," BANDUNGTelah masuk laporan masuk dari warga jabar, melalui Admin Instagram Jabar Saber Hoaks, menanyakan kebenran kabar terjadinya kecelakaan Bus Kramat Jati di Cicalengka Kab"
Tayar Pesawat Boeing Tercabut Ketika Berlepas, Tayar (tyre) atau ban pesawat yang lepas itu diketahui milik Boeing 747-400 Dreamlifter
Pemerintah Kota Surabaya Kurangi Durasi Lampu Merah," Kabar tersebut dimuat oleh berita online pada 14 September 2023 dengan headline berita ‘Terobosan Pemkot Surabaya Demi Tekan Polusi Udara, Durasi Lampu Merah bakal Dikurangi’"
Bendera Indonesia Terbalik di Acara Sea Games,bendera Indonesia terbalik di acara Sea Games di Kamboja
Jokowi Sebut 488 Kapal Ilegal Telah Ditenggelamkan,"Calon presiden nomor urut 01, Joko Widodo mengklaim, selama kepemimpinannya terdapat 488 kapal ilegal fishing yang dibakar dan ditenggelamkan"
"Negara Habiskan Biaya 1,2 Miliar Rupiah untuk Padamkan Bromo", Dalam video tersebut tertulis nominal sebesar 1
Penggunaan Obat Asam Urat dapat Sebabkan Kerusakan Ginjal,penggunaan obat asam urat “allopurinol” dapat sebabkan kerusakan pada ginjal
"TAK LAGI LARANG VALENTINE, WARGA ARAB SAUDI MERAYAKANNYA DENGAN BERBAGI HADIAH KE…","TAK LAGI LARANG VALENTINE, WARGA ARAB SAUDI MERAYAKANNYA DENGAN BERBAGI HADIAH KE ORANG-ORANG TERKASIH   Beredar kabar, tak lagi larang valentine, warga arab saudi merayakannya dengan berbagi hadiah ke orang tercinta"
